idade_cliente,regiao_cliente,tempo_cliente_meses,valor_pedido,quantidade_itens,valor_desconto,parcelas_pagamento,tempo_entrega_dias,atraso_entrega_dias,valor_frete,tentativas_entrega,contatos_atendimento,tempo_resolucao_dias,nps,numero_reclamacoes
63,Nordeste,14,139.73,4,39.35,4,2,2,55.53,3,0,4,6.9,3
20,Sul,1,458.95,2,9.51,10,6,4,28.23,3,0,10,2.4,3
46,Nordeste,111,507.06,5,42.82,6,6,1,40.99,1,4,5,4.8,7
52,Centro-Oeste,117,302.19,2,19.58,9,5,2,35.24,3,1,11,5.9,4
56,Norte,50,253.06,1,29.37,11,13,1,39.32,1,1,0,6.1,3
35,Sudeste,75,568.76,6,36.58,3,4,5,41.82,2,2,3,0.9,5
37,Sudeste,68,41.29,3,99.62,6,8,3,35.83,3,3,4,1.4,6
60,Sul,37,428.76,4,29.54,10,11,5,44.5,1,0,2,0.0,2
40,Sul,60,121.56,3,91.95,6,6,3,24.88,2,1,9,6.2,3
51,Sudeste,70,411.01,6,37.47,3,9,2,30.59,1,0,7,2.7,2
50,Centro-Oeste,28,616.17,2,23.0,8,4,2,52.94,3,0,7,5.3,6
67,Norte,81,509.48,2,10.42,1,11,1,46.92,2,1,3,7.0,2
65,Centro-Oeste,85,588.28,6,12.54,5,11,2,28.67,2,1,9,3.7,4
27,Sudeste,42,165.19,5,52.82,5,10,1,63.92,3,0,8,2.9,2
50,Sudeste,113,220.81,3,30.73,6,7,3,45.96,1,1,4,2.7,3
64,Norte,114,732.83,2,13.24,8,9,3,46.78,2,1,8,6.0,2
50,Norte,70,391.66,4,0.25,11,3,2,59.78,2,1,6,1.9,4
65,Sul,21,483.04,1,28.08,1,12,3,44.76,2,1,10,4.8,4
43,Sul,86,383.98,3,33.61,11,3,4,25.24,2,2,3,3.4,4
37,Centro-Oeste,74,288.93,2,20.8,9,9,2,62.02,1,1,3,2.0,4
32,Sudeste,105,390.01,2,84.53,8,9,2,35.9,2,1,6,5.7,4
54,Centro-Oeste,68,480.03,3,14.53,1,4,4,47.91,1,3,8,0.0,5
50,Sul,81,578.34,3,28.67,5,2,0,38.37,1,0,2,10.0,0
34,Nordeste,119,489.49,6,8.44,3,3,3,24.72,2,2,2,3.3,4
22,Norte,20,184.64,5,70.89,3,13,1,37.85,2,2,10,3.2,4
67,Sudeste,79,100.97,2,31.04,7,6,2,33.59,2,2,0,5.1,4
21,Sudeste,26,411.6,5,4.05,1,7,2,28.95,3,2,0,9.1,4
20,Nordeste,101,751.24,4,34.33,5,10,4,41.19,3,0,6,5.1,4
38,Sudeste,119,522.15,3,79.0,3,13,5,29.29,2,1,9,0.3,3
57,Sudeste,86,337.52,2,0.11,2,13,2,35.95,3,1,2,3.8,3
20,Nordeste,39,478.48,2,1.91,5,13,1,19.27,3,2,1,4.2,5
38,Sul,71,479.29,3,16.0,6,14,1,45.69,3,0,10,4.9,3
65,Norte,57,385.12,1,5.05,6,13,4,43.54,2,2,5,0.0,4
66,Sul,41,366.75,6,12.65,6,10,3,38.42,1,1,7,4.2,3
25,Nordeste,16,366.75,4,65.08,8,11,1,22.0,3,2,0,7.0,3
59,Centro-Oeste,106,348.26,4,4.9,6,14,1,31.64,1,2,1,6.8,3
53,Norte,23,557.8,4,0.31,9,8,5,44.25,1,3,10,0.0,5
46,Centro-Oeste,3,1120.9,4,57.57,5,13,2,40.75,2,4,0,4.9,6
56,Sudeste,119,448.04,3,21.23,8,11,1,28.03,3,2,8,4.4,5
51,Norte,5,109.66,6,5.88,6,14,1,33.27,3,0,11,4.2,3
39,Centro-Oeste,73,485.01,6,9.19,11,6,3,53.99,3,0,8,3.3,2
48,Centro-Oeste,15,117.97,2,28.35,5,2,3,28.02,2,2,11,1.8,6
45,Centro-Oeste,26,279.65,4,15.44,6,5,2,52.15,3,0,4,5.3,3
52,Sudeste,14,477.19,4,15.71,3,4,0,53.94,3,1,2,5.6,4
51,Norte,42,144.56,1,15.57,11,14,2,46.54,3,1,3,2.6,3
30,Sul,114,349.17,3,12.78,11,12,1,28.64,2,1,7,4.5,4
58,Sudeste,33,461.42,3,27.91,3,4,6,45.25,2,1,0,2.3,5
21,Norte,26,431.62,5,15.21,1,9,3,45.21,2,3,5,3.4,6
60,Centro-Oeste,67,663.31,6,37.22,10,6,4,45.09,1,2,9,0.7,6
23,Nordeste,20,370.76,6,15.12,2,10,1,28.55,3,1,8,6.6,2
18,Nordeste,19,375.57,5,13.63,11,8,4,56.09,1,1,4,0.6,5
29,Sudeste,39,711.22,6,4.92,2,2,1,28.2,1,3,2,4.5,6
52,Sul,49,1220.13,4,8.98,8,2,1,47.14,1,1,2,4.8,3
28,Sul,69,329.96,1,37.51,8,4,1,41.91,3,2,4,3.9,5
40,Norte,95,398.94,2,5.22,7,2,2,67.63,3,0,1,5.8,3
31,Nordeste,20,409.54,6,0.82,4,8,3,45.69,3,1,6,4.0,5
36,Centro-Oeste,109,285.91,4,82.01,3,5,1,34.0,1,7,9,0.4,11
54,Sul,101,86.15,2,112.42,11,10,3,36.23,3,1,0,8.4,2
33,Sul,108,385.42,5,13.86,2,2,3,52.49,2,3,2,3.1,5
61,Nordeste,21,1014.41,4,16.82,11,11,5,31.57,2,1,1,4.4,3
45,Centro-Oeste,116,182.12,6,0.19,5,8,2,45.9,2,3,0,2.1,5
62,Norte,81,42.28,1,39.12,9,3,4,47.8,3,1,11,0.0,5
48,Norte,9,785.3,6,3.17,10,12,1,39.0,2,1,8,3.8,6
24,Norte,83,332.99,1,8.77,8,12,1,47.3,2,1,10,7.9,2
63,Norte,64,522.84,2,76.14,3,3,3,19.72,1,3,7,3.2,6
69,Nordeste,53,198.64,2,24.32,5,3,3,57.25,2,3,5,3.9,8
44,Norte,100,335.96,4,12.24,1,7,2,37.07,3,2,9,5.4,5
34,Nordeste,109,745.08,5,73.34,9,5,4,29.76,3,4,3,2.7,7
24,Sul,45,1402.67,1,43.56,9,8,4,51.51,2,5,3,0.0,9
32,Nordeste,82,639.53,4,66.26,3,3,2,35.79,3,3,11,0.0,8
57,Sudeste,95,383.08,1,1.36,5,2,1,31.84,1,0,5,7.0,2
29,Sudeste,80,212.03,1,66.52,6,2,6,42.64,1,1,3,0.0,4
25,Sul,81,816.27,1,73.96,1,8,1,58.35,1,1,4,2.4,4
19,Centro-Oeste,25,66.18,4,4.5,4,7,2,46.54,2,1,10,2.7,3
61,Sudeste,24,463.79,3,2.08,5,10,1,35.79,3,2,8,6.8,6
55,Nordeste,113,261.42,4,28.92,3,9,1,16.29,3,1,10,9.6,3
43,Sul,80,815.51,3,33.42,6,8,3,38.22,1,1,2,2.1,3
68,Centro-Oeste,42,223.52,4,3.91,6,8,2,37.53,1,2,8,2.6,5
38,Sudeste,26,323.22,6,48.95,9,13,0,22.17,2,1,6,7.6,1
67,Centro-Oeste,33,302.89,2,22.97,5,10,0,58.88,3,1,2,7.5,1
30,Norte,38,477.33,3,31.61,8,3,2,40.72,2,0,4,4.8,2
36,Norte,53,617.4,1,24.0,11,12,0,47.57,3,2,2,7.0,3
35,Norte,24,519.41,6,6.98,9,5,2,9.73,3,0,4,5.1,5
19,Sudeste,67,430.96,2,6.8,2,10,3,16.33,1,1,4,3.6,3
69,Centro-Oeste,88,90.76,6,4.81,6,6,2,47.02,2,1,11,4.8,3
62,Sudeste,30,98.29,4,31.32,3,9,2,39.85,3,1,7,6.0,3
59,Centro-Oeste,72,340.91,5,32.07,9,10,3,33.67,2,2,7,2.9,5
66,Nordeste,82,535.69,3,33.85,5,12,3,41.93,1,1,5,1.9,4
45,Nordeste,5,470.48,2,3.25,4,12,1,46.78,3,0,10,4.5,2
67,Sudeste,51,739.57,4,30.17,11,2,2,10.35,2,2,1,4.9,5
40,Centro-Oeste,53,147.47,4,92.68,2,14,1,32.52,3,2,10,5.0,4
21,Nordeste,47,143.82,3,42.0,9,8,3,51.74,1,2,3,4.5,5
21,Centro-Oeste,74,453.7,3,15.62,3,5,3,40.45,3,3,11,2.7,6
29,Nordeste,70,530.15,5,125.03,10,8,2,31.19,2,0,10,4.6,2
39,Centro-Oeste,112,531.95,1,51.91,7,13,3,51.81,2,1,8,4.1,3
43,Sudeste,73,352.17,6,22.73,6,10,3,25.93,1,3,8,1.1,5
57,Sudeste,6,473.08,3,5.55,9,11,1,51.0,3,1,4,6.4,4
59,Sul,94,411.69,4,67.98,4,4,4,27.55,2,2,8,1.6,5
52,Nordeste,45,197.76,1,7.91,7,14,2,44.67,3,1,5,6.3,3
21,Norte,36,267.36,3,7.79,4,3,1,32.04,2,1,0,10.0,4
29,Sul,15,182.19,2,18.18,3,11,1,45.48,1,1,9,1.7,3
21,Norte,74,125.96,5,7.14,1,12,1,38.05,2,1,9,3.1,4
69,Nordeste,81,70.41,6,18.87,5,4,2,49.5,2,0,10,9.4,2
48,Sudeste,45,289.31,5,2.66,3,14,1,41.1,3,0,9,5.1,4
24,Norte,7,1034.61,4,74.44,8,7,1,40.22,3,1,2,5.8,5
27,Sudeste,20,567.28,4,13.3,2,9,4,42.81,2,1,0,4.0,3
41,Sul,85,350.94,6,0.36,9,9,1,46.38,1,3,10,3.7,5
32,Sul,73,676.14,1,68.44,4,11,2,43.14,1,1,8,6.5,2
56,Sudeste,74,677.47,3,46.8,11,10,1,43.38,2,1,2,4.1,3
37,Centro-Oeste,67,1182.28,4,31.07,3,10,2,41.96,2,2,4,4.1,6
24,Nordeste,28,1328.4,1,6.51,5,7,0,38.42,2,0,6,9.0,2
30,Centro-Oeste,45,292.7,3,13.71,3,5,4,34.3,1,2,10,0.3,4
45,Sul,74,239.69,6,59.64,9,12,3,33.4,3,1,2,2.7,3
56,Nordeste,36,645.84,1,73.53,6,3,4,45.49,2,4,10,0.3,7
35,Centro-Oeste,71,96.54,3,28.25,2,2,2,56.28,1,2,3,2.4,5
64,Norte,28,359.49,2,11.01,11,9,0,26.18,2,2,9,3.5,3
28,Centro-Oeste,38,60.96,2,95.06,4,9,0,30.19,2,0,7,7.8,1
53,Sudeste,5,242.57,5,21.93,8,3,0,22.11,2,3,9,1.1,5
53,Norte,103,139.18,1,21.63,5,6,4,19.4,2,2,3,0.8,5
19,Sudeste,85,428.1,4,77.12,5,6,3,47.3,3,2,9,3.1,6
65,Norte,60,212.08,1,18.06,1,14,2,30.82,3,1,7,2.2,3
63,Sul,111,686.74,5,0.49,3,3,1,42.24,3,0,3,8.8,2
34,Nordeste,69,195.24,5,28.31,1,5,4,30.12,3,0,2,1.8,3
23,Norte,102,693.16,3,26.12,5,10,1,45.57,3,1,0,9.2,3
58,Sul,53,549.41,2,35.84,11,10,2,33.16,2,0,8,7.7,1
63,Sul,107,126.41,4,0.23,2,11,2,15.17,3,3,1,2.2,5
40,Nordeste,34,326.11,4,3.28,4,4,2,58.28,2,1,2,6.7,2
64,Nordeste,83,648.2,3,23.63,6,2,2,32.87,1,3,2,6.0,4
33,Norte,57,759.72,4,0.69,8,10,2,32.56,3,3,3,4.5,5
58,Sul,108,416.01,3,14.85,6,14,1,30.09,1,0,7,7.2,1
43,Sul,27,234.65,6,33.37,2,14,4,35.25,2,1,11,2.8,3
63,Nordeste,29,640.32,1,3.91,5,9,3,46.03,1,0,0,3.7,5
67,Sudeste,57,241.88,5,15.57,11,2,1,37.43,3,2,9,1.6,5
18,Nordeste,90,706.8,5,21.35,8,4,2,29.36,2,0,4,5.6,2
53,Sudeste,34,233.13,1,2.43,6,11,5,30.7,3,1,8,2.1,7
47,Sudeste,26,637.17,1,55.2,11,12,2,55.77,2,3,11,5.6,7
19,Centro-Oeste,5,640.01,5,69.97,3,7,3,25.18,1,1,7,4.4,5
37,Sudeste,62,40.76,2,23.68,2,5,1,17.34,2,1,2,5.8,3
22,Nordeste,92,155.32,4,4.24,11,13,2,49.59,2,1,8,4.3,4
48,Norte,56,150.15,5,36.37,7,6,4,44.72,2,3,9,2.6,6
25,Sul,56,242.39,6,11.38,10,11,1,30.44,2,0,0,7.3,3
47,Nordeste,70,614.67,6,18.27,6,9,0,23.61,2,1,6,5.9,5
56,Norte,103,467.14,4,23.81,5,12,2,38.45,3,1,9,5.9,5
19,Sudeste,16,1054.32,6,6.6,9,2,2,32.39,3,5,2,4.1,7
30,Centro-Oeste,74,718.63,4,19.52,5,4,4,40.7,1,5,1,0.4,7
21,Nordeste,75,72.52,5,34.44,4,9,2,55.51,2,2,6,4.5,4
62,Sul,30,379.53,4,33.46,5,11,4,22.43,3,4,3,3.1,8
69,Sudeste,92,288.89,6,39.13,9,10,0,48.12,3,3,9,7.5,5
25,Centro-Oeste,82,872.53,6,74.23,2,14,2,25.57,2,2,3,1.0,4
56,Centro-Oeste,83,515.78,1,70.23,6,2,1,69.43,1,2,1,10.0,4
42,Sudeste,18,324.46,6,4.05,8,7,1,45.88,2,2,3,5.2,4
24,Nordeste,99,351.61,4,86.68,10,6,3,40.07,1,2,5,5.3,5
31,Sudeste,119,1064.25,2,15.38,1,2,3,26.74,2,0,9,5.5,3
46,Sudeste,22,337.65,1,21.17,3,5,3,21.26,3,1,1,6.8,3
62,Nordeste,54,672.01,6,21.47,1,4,1,27.38,2,0,1,9.8,2
38,Norte,48,475.43,2,45.52,2,6,2,32.2,2,0,4,5.8,2
54,Sudeste,34,348.1,1,26.64,5,4,4,31.63,2,2,10,1.6,6
66,Nordeste,21,796.83,4,9.4,5,4,3,43.38,3,2,6,1.8,7
50,Sudeste,103,223.1,6,12.28,10,14,1,54.77,2,4,10,1.6,7
58,Sudeste,47,221.05,2,17.25,3,5,2,48.59,2,1,5,6.9,4
42,Sul,43,234.72,6,29.23,6,8,4,60.15,3,1,3,1.8,5
63,Sul,39,421.33,4,51.01,6,12,1,46.14,3,2,11,4.9,4
31,Sudeste,40,393.2,5,6.54,3,14,2,33.2,3,0,9,3.7,2
26,Sul,107,644.58,4,3.56,3,10,1,33.05,1,2,1,8.1,7
32,Sudeste,102,153.6,2,11.98,3,10,1,37.16,3,1,9,5.6,8
24,Nordeste,94,503.92,4,42.32,9,14,2,42.51,2,0,4,7.0,1
19,Sudeste,57,602.2,2,6.77,10,13,2,51.97,3,2,11,2.6,4
48,Sudeste,11,269.88,4,38.62,6,5,3,41.05,1,1,1,4.3,4
24,Nordeste,76,597.96,6,59.9,3,13,2,16.93,1,4,11,3.6,10
58,Norte,112,608.02,3,32.03,5,6,0,49.61,3,4,1,9.1,10
28,Sudeste,76,776.45,2,1.99,4,11,4,33.41,3,0,7,8.3,1
30,Sudeste,45,139.62,4,5.5,7,8,1,60.85,1,7,1,0.0,10
30,Centro-Oeste,26,861.48,5,14.41,9,7,1,21.31,3,1,5,5.9,3
43,Nordeste,64,128.31,4,31.98,4,4,2,34.1,3,3,1,5.0,7
60,Norte,86,261.8,3,21.93,7,11,2,58.37,2,2,8,5.9,5
67,Sudeste,32,411.16,4,7.72,2,2,2,41.54,2,2,10,1.5,5
25,Sudeste,62,326.42,6,2.51,3,2,0,25.13,3,2,9,5.3,3
31,Nordeste,62,179.36,3,5.58,10,5,0,11.8,1,0,2,8.8,0
62,Norte,106,258.11,3,39.98,9,3,2,49.29,2,2,1,7.3,4
19,Norte,92,923.27,2,13.42,3,4,2,58.04,1,4,6,0.0,6
59,Centro-Oeste,26,245.56,6,21.38,6,5,2,36.76,3,2,9,4.3,4
32,Nordeste,29,715.62,5,13.69,5,6,3,27.87,3,1,8,2.3,3
41,Sudeste,104,24.0,6,85.49,10,5,2,29.58,3,0,9,4.0,4
51,Sul,40,304.38,1,14.74,6,12,4,9.06,2,1,1,2.5,5
21,Nordeste,51,1317.9,3,71.03,5,3,5,57.79,1,1,2,3.9,4
35,Centro-Oeste,92,211.04,1,30.35,8,3,1,25.04,3,3,8,0.2,5
42,Norte,64,225.87,4,12.11,9,4,1,21.53,3,0,1,6.3,3
64,Centro-Oeste,75,125.8,1,5.47,4,4,2,48.35,3,6,7,0.2,8
41,Sudeste,62,596.03,6,11.82,3,8,3,30.86,1,1,3,5.0,4
23,Sudeste,24,562.41,2,5.44,5,3,0,29.47,1,1,9,7.6,2
51,Norte,112,169.79,2,6.01,10,4,2,18.33,2,2,7,4.0,5
68,Norte,53,1250.18,3,2.74,2,14,5,61.85,1,2,4,0.5,4
55,Sudeste,70,474.88,6,36.63,5,12,4,55.7,2,1,0,2.0,3
20,Sul,106,594.58,2,33.9,11,2,3,15.49,2,2,7,4.1,4
36,Norte,35,341.14,5,25.02,5,11,3,29.53,1,1,7,5.0,5
64,Nordeste,96,841.75,6,73.2,4,13,2,20.65,2,1,0,3.6,4
63,Centro-Oeste,56,243.47,2,38.99,7,13,2,45.27,1,1,5,2.4,4
53,Centro-Oeste,39,604.77,2,44.27,2,10,0,21.04,2,2,6,8.5,3
36,Nordeste,25,557.64,6,3.34,3,2,5,41.44,2,3,5,0.0,7
45,Norte,72,104.57,1,20.19,1,5,2,28.68,3,0,0,5.3,2
64,Sul,66,506.01,5,154.88,7,3,1,40.26,1,4,0,4.5,6
27,Sul,66,228.14,3,7.99,11,5,3,17.94,3,2,3,3.2,4
35,Nordeste,93,361.43,6,26.03,9,10,2,38.98,3,0,3,9.2,2
21,Sudeste,18,90.99,1,16.18,9,9,3,45.33,3,1,5,5.5,4
29,Norte,59,288.44,5,48.39,6,7,4,31.23,3,1,2,2.6,3
44,Norte,119,317.4,6,28.2,6,11,1,38.22,1,1,0,6.9,3
46,Sudeste,116,461.97,4,6.07,4,2,3,48.09,2,1,9,3.7,4
29,Sudeste,95,325.34,3,21.69,1,5,3,10.26,1,3,6,2.2,7
28,Sudeste,41,552.04,3,3.86,7,9,3,45.32,2,1,9,4.6,4
21,Centro-Oeste,42,87.23,6,12.36,9,7,2,34.49,3,1,5,3.0,4
63,Nordeste,68,80.5,1,1.34,7,10,1,18.04,2,1,9,6.0,2
41,Sul,106,1983.81,5,48.5,2,13,1,25.48,3,1,10,6.5,4
43,Centro-Oeste,75,869.54,4,21.59,8,2,3,57.59,3,0,11,2.8,2
45,Sul,105,323.22,2,17.67,10,6,4,27.26,3,2,8,2.2,4
64,Norte,13,105.79,3,6.31,2,7,3,32.38,2,3,7,0.8,5
21,Norte,51,181.12,4,22.57,3,14,0,37.45,2,2,9,4.1,6
53,Norte,25,504.75,4,27.33,11,7,2,32.18,2,4,10,0.0,9
32,Centro-Oeste,31,208.36,4,15.1,5,4,0,45.32,2,1,10,6.4,1
39,Norte,2,203.93,4,9.11,6,2,1,50.47,2,0,9,4.3,3
66,Sul,2,554.46,5,21.54,1,7,1,41.21,1,2,3,8.1,4
41,Sul,78,780.75,2,67.15,7,2,3,64.47,2,0,4,5.2,3
41,Sudeste,5,853.88,1,35.43,2,7,1,31.06,2,3,4,8.1,7
54,Norte,75,617.46,3,24.83,7,13,3,22.99,2,2,2,4.8,5
22,Sul,103,264.51,2,9.21,7,9,0,55.29,1,3,5,6.3,3
23,Norte,79,395.21,6,74.49,1,4,2,24.55,3,0,5,5.9,3
66,Nordeste,108,479.82,1,7.02,5,12,0,15.18,2,2,10,8.4,3
27,Centro-Oeste,113,894.62,6,36.6,8,11,4,38.24,1,1,0,5.4,4
20,Nordeste,95,418.82,1,17.33,7,2,2,47.46,3,3,3,5.8,5
55,Sudeste,119,913.63,3,16.42,1,8,2,28.01,1,2,9,3.4,7
51,Nordeste,32,1522.94,3,24.33,9,13,2,40.8,1,2,5,3.6,5
23,Norte,76,459.81,2,35.71,8,2,1,17.47,2,0,7,8.8,3
27,Sul,2,487.38,2,5.31,2,2,1,44.65,2,2,0,6.4,3
33,Centro-Oeste,32,404.07,2,2.57,1,5,4,61.21,2,1,2,5.0,5
46,Sudeste,87,232.25,2,72.81,9,13,0,60.63,2,2,0,9.6,5
20,Sudeste,115,273.11,4,29.58,2,14,0,44.43,1,1,4,8.0,2
28,Centro-Oeste,85,1137.22,1,79.88,11,3,0,24.07,2,3,3,3.8,5
54,Sul,65,254.25,6,38.4,3,2,2,42.91,2,0,6,7.3,2
21,Sudeste,44,1292.9,6,10.26,7,4,1,27.56,2,2,9,6.2,4
66,Sul,96,392.41,2,59.32,4,4,2,41.41,2,2,7,4.5,4
21,Sudeste,54,376.64,5,36.35,6,11,2,39.4,2,1,9,3.6,5
41,Sul,99,351.47,6,22.99,3,10,0,37.16,1,3,7,5.1,6
45,Norte,40,351.48,2,32.49,5,14,0,29.2,2,3,7,5.8,4
52,Sudeste,97,612.64,4,42.0,2,4,1,37.52,1,1,5,5.4,3
55,Nordeste,93,101.09,6,20.13,1,12,3,33.4,3,2,4,3.8,7
67,Sudeste,117,496.5,5,36.04,9,2,2,26.77,1,0,8,8.8,1
41,Sul,74,260.98,2,69.67,9,14,1,17.57,3,3,8,4.9,6
39,Centro-Oeste,95,515.24,2,7.15,9,12,1,23.25,1,1,11,4.2,3
43,Centro-Oeste,35,215.37,3,19.99,11,7,2,33.18,1,3,1,5.5,5
35,Sul,22,321.82,3,30.58,5,9,3,38.71,3,0,5,4.7,4
20,Norte,117,811.98,6,45.07,2,2,2,36.62,1,0,5,5.2,5
63,Nordeste,25,453.51,5,2.91,10,13,2,32.46,1,0,5,3.5,4
28,Sudeste,22,465.21,4,0.23,8,11,6,70.59,2,1,5,3.2,5
26,Sudeste,21,809.27,6,4.35,6,14,1,60.27,1,3,7,5.5,7
50,Sul,106,889.87,3,10.21,7,8,0,53.27,1,2,6,8.5,4
43,Sudeste,73,438.94,2,102.66,5,7,2,4.34,3,0,6,2.6,2
53,Sul,84,842.15,2,9.32,11,13,3,45.62,2,3,7,3.5,5
21,Sul,69,282.06,1,15.93,9,9,4,32.41,2,0,11,3.5,2
69,Sul,62,911.99,3,3.77,11,6,1,34.6,1,2,4,3.9,5
19,Centro-Oeste,10,722.59,1,13.43,1,12,3,21.72,2,2,2,5.2,5
25,Sudeste,28,189.76,3,39.8,4,2,2,27.94,2,1,5,5.6,3
24,Centro-Oeste,64,262.51,2,10.43,3,6,4,43.68,3,2,4,0.4,4
53,Sul,109,192.62,1,3.3,8,4,2,41.42,3,1,7,3.3,4
51,Sul,54,610.5,2,6.92,9,9,5,47.49,2,1,4,3.0,3
57,Sul,77,466.75,3,1.87,2,12,2,46.1,3,4,3,3.6,8
36,Sudeste,8,592.31,2,53.73,2,11,4,49.56,1,1,8,0.6,5
46,Centro-Oeste,40,95.2,3,65.45,7,13,2,48.59,1,1,11,2.7,5
56,Sudeste,45,501.66,6,27.84,3,14,2,57.91,2,2,6,4.9,4
23,Nordeste,83,158.09,3,12.76,11,4,2,20.42,2,2,5,1.8,6
27,Nordeste,59,1372.36,3,49.19,6,2,4,39.96,3,1,11,4.0,4
58,Nordeste,23,119.67,5,14.85,3,12,2,49.21,2,4,5,3.1,7
59,Nordeste,80,79.93,2,129.11,6,2,4,27.59,1,1,1,1.1,3
22,Sul,2,1417.73,6,93.25,9,5,2,22.51,3,1,8,3.4,4
41,Centro-Oeste,87,145.53,2,20.66,3,7,0,67.84,2,1,2,5.6,2
58,Norte,11,47.07,1,50.24,3,7,2,32.58,1,1,11,4.4,4
39,Norte,61,317.11,1,6.86,11,6,4,32.21,1,4,11,0.0,6
43,Nordeste,6,638.11,4,16.38,9,8,3,41.36,2,2,11,3.3,4
68,Centro-Oeste,30,122.91,4,29.2,8,2,2,44.45,3,2,11,0.5,4
54,Sudeste,69,214.21,5,9.15,4,4,4,47.49,2,2,7,2.3,7
62,Sudeste,75,312.27,2,41.73,11,8,1,45.84,2,4,1,5.1,7
46,Nordeste,118,362.35,5,37.91,10,11,2,41.31,2,0,7,5.4,3
53,Nordeste,69,791.28,6,31.81,11,13,1,31.15,1,1,9,6.6,2
37,Sudeste,112,314.71,2,12.11,7,5,2,41.56,1,1,1,6.0,4
35,Norte,48,61.87,2,41.19,11,9,0,50.35,1,1,9,5.8,2
57,Norte,87,932.07,5,3.24,5,7,3,39.47,2,2,9,3.3,4
62,Sul,96,228.39,5,101.98,3,6,0,34.7,1,0,9,10.0,0
58,Norte,113,272.71,1,29.73,2,6,3,58.5,2,2,2,5.1,4
32,Sudeste,71,199.41,1,12.09,11,5,3,21.15,2,0,2,3.8,8
32,Nordeste,13,268.19,3,13.61,4,6,2,36.91,2,4,6,3.2,6
41,Sudeste,82,1273.41,3,0.27,4,2,5,17.28,2,0,2,2.7,3
46,Sudeste,10,321.49,1,96.07,7,9,2,51.48,1,3,4,2.7,5
34,Sul,87,394.66,2,26.15,11,7,4,31.48,1,0,11,0.5,4
66,Norte,88,527.69,6,115.35,2,11,2,52.71,1,1,2,6.9,6
64,Norte,107,290.94,6,7.76,5,4,3,42.48,1,1,1,2.5,4
42,Sudeste,57,427.33,3,19.31,9,3,1,47.92,1,1,1,6.1,3
33,Sul,68,481.86,6,14.18,11,5,1,43.06,1,1,7,5.5,4
67,Sudeste,86,480.97,4,4.51,8,13,0,11.72,2,2,3,5.2,3
34,Centro-Oeste,119,508.03,4,28.57,1,7,2,44.75,3,1,11,4.5,3
64,Centro-Oeste,7,59.81,4,64.05,3,9,1,34.68,2,3,5,0.6,5
64,Norte,116,213.38,3,0.32,3,10,3,58.7,1,1,9,2.2,5
38,Sudeste,109,303.79,3,1.84,9,8,2,33.76,3,4,4,2.6,7
61,Norte,72,193.27,4,64.11,10,7,4,57.26,2,1,1,0.7,4
65,Centro-Oeste,111,202.92,6,59.14,1,11,3,22.38,3,2,1,4.9,6
44,Centro-Oeste,39,70.87,6,16.05,6,4,3,22.09,1,1,11,1.5,5
22,Sudeste,51,240.49,1,14.86,9,13,3,29.46,2,0,8,3.4,5
39,Sul,95,789.52,1,2.17,3,12,4,43.12,3,0,11,3.8,3
50,Norte,17,366.89,2,59.58,4,8,0,46.5,3,1,6,9.4,1
57,Sudeste,19,384.43,5,1.58,2,10,3,41.19,2,2,10,1.2,7
19,Centro-Oeste,48,143.79,2,35.31,4,2,4,43.31,1,3,0,4.1,7
52,Norte,108,405.33,3,19.48,8,13,3,42.27,2,1,8,2.7,4
60,Nordeste,8,170.39,3,23.19,8,6,2,40.78,3,2,0,5.5,6
36,Norte,92,343.2,4,42.07,1,14,2,62.34,1,0,3,4.4,5
57,Sul,118,392.74,5,41.08,2,3,3,55.88,3,1,2,0.0,5
44,Sudeste,99,787.5,4,3.77,8,2,2,39.53,1,2,9,4.1,6
57,Sudeste,111,265.48,5,12.86,2,2,4,38.92,3,0,10,2.0,4
53,Sul,82,382.09,2,71.83,9,6,4,45.79,2,2,11,1.1,6
56,Norte,27,771.14,2,1.27,10,4,1,24.83,1,1,6,6.4,3
19,Norte,117,425.6,1,22.71,7,9,1,24.34,2,0,10,4.3,4
58,Centro-Oeste,33,1171.74,2,0.47,6,5,1,45.97,2,2,5,2.3,5
35,Norte,107,27.57,1,44.05,11,14,1,26.09,2,0,3,2.8,2
63,Nordeste,5,236.62,6,1.56,3,6,1,38.04,2,2,2,2.8,6
40,Sul,95,273.36,1,40.02,11,6,2,20.87,3,1,3,6.0,2
43,Centro-Oeste,88,161.48,6,78.41,8,13,4,49.84,1,1,0,6.5,3
28,Sudeste,92,981.97,1,0.95,10,10,2,49.78,2,1,0,7.5,3
65,Sul,70,150.48,4,54.59,5,12,0,50.12,1,1,2,9.8,2
18,Sudeste,84,402.31,6,2.49,5,14,2,32.59,3,2,4,10.0,4
53,Sul,25,1378.39,6,33.66,4,2,1,29.72,3,1,7,7.9,5
67,Sudeste,111,92.17,3,28.32,2,9,2,28.15,3,1,8,7.7,2
37,Sudeste,53,268.01,5,9.27,6,4,3,46.55,1,1,3,3.8,3
48,Centro-Oeste,31,294.92,4,5.7,11,12,6,51.43,1,4,6,0.0,9
25,Norte,86,726.5,3,4.18,10,12,2,28.34,1,0,10,4.6,3
57,Norte,39,109.86,5,2.44,2,14,1,31.83,1,7,0,3.2,9
41,Sul,5,382.78,5,10.93,5,8,1,35.44,2,1,9,7.1,2
37,Centro-Oeste,81,65.83,4,19.8,6,7,6,43.82,1,1,5,0.0,4
32,Norte,46,150.41,6,0.05,10,6,3,24.36,1,0,3,3.8,4
47,Sudeste,2,468.18,5,31.94,8,5,3,47.9,3,2,5,5.5,5
37,Sul,103,176.28,2,24.27,9,8,1,52.02,3,4,7,3.4,7
55,Norte,64,385.0,4,34.14,1,10,4,34.33,3,1,8,1.5,4
19,Nordeste,107,204.35,5,8.31,9,13,4,42.04,2,0,9,2.3,4
23,Norte,71,113.8,3,18.72,9,6,2,20.23,2,2,3,3.1,4
59,Sudeste,24,221.73,5,8.0,1,8,4,47.6,2,2,0,3.2,5
35,Centro-Oeste,44,629.15,2,41.01,11,5,3,28.9,1,5,8,0.0,8
53,Sul,51,660.23,2,6.6,11,6,1,21.48,3,2,2,6.8,3
31,Sudeste,25,284.2,1,36.51,4,13,1,58.6,2,1,8,8.1,3
43,Sudeste,19,224.28,1,18.44,5,9,1,26.18,3,2,1,4.8,4
51,Nordeste,6,430.01,4,11.03,9,9,1,42.71,1,2,2,4.3,4
47,Sudeste,88,323.9,6,7.55,6,12,4,46.86,1,1,10,1.2,5
24,Nordeste,17,167.06,2,46.01,6,6,3,17.57,1,0,9,7.2,1
47,Sudeste,104,424.64,1,43.43,1,10,3,32.97,2,0,2,6.0,1
35,Norte,14,199.86,6,35.78,8,3,4,32.52,3,0,4,4.1,3
39,Sul,97,22.06,5,41.75,4,8,3,31.92,1,1,7,3.8,5
34,Centro-Oeste,71,286.19,6,0.06,5,5,2,49.0,1,2,11,3.4,4
48,Nordeste,20,588.82,3,207.47,10,10,1,49.12,3,1,0,6.9,2
34,Centro-Oeste,81,402.73,2,43.73,10,3,0,26.84,2,0,8,9.2,1
48,Sul,75,193.75,3,45.01,9,13,2,45.8,2,3,8,2.2,6
30,Nordeste,72,486.17,2,83.69,10,5,5,52.08,2,2,1,0.6,7
44,Sudeste,78,320.42,4,15.74,11,6,2,35.84,2,0,1,10.0,2
37,Nordeste,35,174.4,1,8.98,1,3,3,29.27,2,0,6,2.8,2
34,Centro-Oeste,20,587.17,3,58.73,7,9,0,36.98,3,0,8,10.0,1
46,Sul,34,212.21,2,4.0,8,7,1,21.95,2,1,0,7.3,2
56,Sudeste,52,28.27,3,30.59,4,13,3,37.13,3,0,10,1.9,3
52,Norte,17,140.96,3,6.84,6,13,1,25.31,3,0,6,8.8,1
25,Sudeste,82,544.2,5,7.48,7,9,3,43.64,1,2,0,4.7,4
60,Sudeste,98,872.85,5,12.55,3,9,3,52.29,1,1,0,3.4,3
55,Norte,92,403.89,6,25.48,10,13,1,29.91,1,4,1,4.6,7
32,Sudeste,83,129.27,3,34.51,2,6,1,59.01,1,0,5,6.8,1
67,Sudeste,87,713.9,3,77.99,3,6,0,44.64,3,1,10,5.9,2
18,Centro-Oeste,70,45.74,3,3.66,10,2,2,44.48,1,2,10,3.1,4
50,Norte,5,140.82,3,35.93,9,8,1,34.74,2,2,2,2.7,5
20,Nordeste,95,278.25,6,55.3,7,8,4,54.16,3,1,11,4.4,3
56,Sudeste,71,216.93,1,105.78,2,7,5,50.06,1,1,3,1.5,6
55,Sudeste,8,136.63,6,10.21,10,13,7,39.27,1,2,7,0.7,6
65,Centro-Oeste,62,755.2,1,3.38,11,2,2,50.84,3,3,2,9.2,5
32,Sudeste,63,509.31,5,5.98,4,9,2,24.15,2,2,10,3.6,5
59,Centro-Oeste,5,425.59,6,73.58,8,2,1,41.8,1,1,0,2.9,8
35,Centro-Oeste,98,666.94,3,6.9,5,9,2,33.55,1,2,10,6.3,3
55,Sudeste,52,221.74,1,22.1,3,8,3,51.03,2,1,4,4.1,3
48,Sudeste,78,186.89,3,3.19,5,10,2,47.83,1,0,9,4.0,5
37,Sudeste,30,627.83,1,89.05,6,6,3,49.16,3,1,8,6.2,3
24,Norte,110,446.74,4,66.49,1,8,2,42.94,1,0,9,5.8,4
54,Sul,62,367.95,2,42.89,6,12,5,28.55,1,3,11,0.0,6
44,Sul,74,277.61,5,12.96,8,3,2,49.48,1,0,6,6.7,1
25,Centro-Oeste,96,113.02,3,0.16,4,10,2,21.68,3,1,9,3.9,3
31,Norte,14,396.86,5,21.37,10,8,1,28.29,3,0,2,6.5,1
67,Norte,74,283.75,6,96.8,10,2,1,52.08,2,1,11,3.0,4
32,Nordeste,55,155.43,1,21.94,9,14,2,20.3,1,2,9,5.0,5
24,Nordeste,11,128.93,5,23.99,1,3,3,39.89,2,0,8,4.1,2
50,Sul,27,373.87,2,39.49,2,10,1,45.59,1,2,6,4.7,4
69,Norte,3,197.86,4,30.33,5,3,5,37.07,2,0,8,2.6,4
51,Sudeste,46,432.25,3,23.32,7,13,0,58.99,1,1,4,7.3,1
21,Centro-Oeste,12,297.25,2,3.48,5,5,1,45.63,2,1,10,6.1,6
18,Nordeste,109,969.8,5,0.36,10,14,1,43.69,3,2,2,6.2,3
58,Sudeste,78,73.27,6,95.71,10,8,4,32.88,2,3,3,1.6,6
31,Centro-Oeste,117,143.96,6,30.38,11,4,2,35.67,1,1,2,7.4,3
48,Norte,13,481.95,2,19.57,7,6,3,43.74,1,0,11,3.9,4
55,Nordeste,108,339.6,3,3.83,7,9,1,34.93,2,1,9,4.7,3
67,Nordeste,37,325.44,4,22.24,7,14,2,24.01,2,3,3,5.7,5
37,Sul,5,358.02,6,5.03,9,14,0,48.01,1,0,6,9.4,4
20,Nordeste,56,208.86,2,35.08,3,9,2,31.3,1,0,3,0.1,2
52,Norte,63,745.4,5,136.81,2,10,3,53.78,3,0,11,4.9,4
63,Sul,24,572.71,1,45.7,6,11,2,35.3,3,3,3,0.8,7
50,Centro-Oeste,47,516.65,4,1.33,4,9,3,26.85,1,4,11,0.0,8
32,Nordeste,117,561.91,5,53.76,7,4,2,36.97,3,1,4,7.2,3
20,Sul,32,112.32,3,9.94,1,13,0,27.56,1,3,10,5.0,4
45,Norte,37,584.88,4,37.6,10,2,3,50.13,2,1,1,5.7,3
44,Norte,6,190.61,3,0.42,7,14,3,28.18,3,2,8,2.9,5
64,Sudeste,57,200.1,1,109.8,1,9,5,44.12,1,1,2,0.0,3
64,Sul,110,576.64,4,1.5,2,2,7,30.6,2,0,10,0.9,2
50,Centro-Oeste,16,307.56,2,7.94,8,5,2,34.88,1,1,3,4.9,3
36,Norte,96,912.65,1,6.72,11,4,5,40.62,3,5,0,0.0,8
50,Norte,71,254.14,6,69.59,7,4,1,55.49,3,0,9,6.5,3
48,Sudeste,41,957.71,5,19.6,9,2,1,30.54,1,1,7,8.2,4
21,Sul,72,214.86,3,14.55,2,11,2,42.34,1,1,8,3.2,5
49,Centro-Oeste,4,414.68,6,35.68,6,7,3,31.31,2,0,4,5.2,2
59,Nordeste,32,221.34,1,47.42,1,12,2,28.51,1,1,5,5.6,3
45,Sudeste,60,621.41,5,66.09,3,4,3,46.54,3,3,10,0.0,6
33,Norte,51,214.33,5,70.78,2,3,1,47.78,3,1,1,9.0,3
66,Nordeste,25,335.86,6,7.82,5,8,3,38.42,1,1,3,4.0,5
60,Sul,8,411.19,6,50.45,6,7,1,29.23,2,1,8,4.9,3
45,Sudeste,93,107.12,2,20.84,11,8,2,28.99,3,1,0,5.6,3
32,Centro-Oeste,76,787.12,6,98.23,10,10,1,31.21,2,1,5,5.8,4
65,Norte,20,90.67,5,10.92,4,11,0,39.18,3,3,1,5.4,4
39,Norte,108,457.63,5,29.86,9,4,3,46.68,1,3,6,0.7,5
48,Centro-Oeste,36,581.52,2,12.67,3,12,0,36.44,2,1,7,6.6,3
38,Norte,72,450.17,3,41.27,5,3,1,30.13,3,2,4,8.3,5
49,Nordeste,105,297.92,1,4.48,7,4,1,27.89,3,1,11,4.4,5
24,Sul,56,360.68,3,12.87,3,13,2,35.39,3,1,9,6.3,2
50,Norte,22,285.35,6,54.68,7,10,1,37.26,1,1,3,8.6,5
25,Sudeste,37,683.67,5,7.12,4,3,3,37.46,1,1,7,2.5,7
31,Nordeste,57,326.43,2,26.4,5,7,3,45.24,3,0,1,6.9,4
42,Sudeste,87,366.1,1,55.57,5,12,2,60.69,1,1,4,5.4,4
49,Sul,59,440.98,6,26.29,9,4,1,15.56,2,2,8,3.3,5
45,Sul,19,881.11,4,1.13,4,13,5,16.81,1,0,5,3.0,2
19,Norte,69,104.17,2,68.96,2,10,1,39.26,1,2,7,4.8,5
34,Norte,26,450.67,3,32.51,6,11,0,35.8,2,0,11,8.3,2
44,Norte,100,267.66,1,76.87,10,5,3,59.97,2,1,7,5.6,3
19,Nordeste,115,345.05,5,26.5,6,14,4,50.46,1,1,6,2.5,6
25,Sudeste,57,293.61,3,47.72,11,12,1,44.57,3,1,9,4.1,6
55,Centro-Oeste,65,519.47,4,7.37,3,7,2,42.04,3,1,1,5.1,4
37,Nordeste,9,154.25,2,20.45,8,2,1,49.57,3,0,10,6.3,3
66,Centro-Oeste,33,479.08,4,4.23,2,14,2,55.71,2,4,9,3.1,8
54,Centro-Oeste,31,142.18,3,7.23,2,6,2,41.98,1,0,1,6.5,2
38,Centro-Oeste,66,37.84,2,74.94,9,10,3,37.44,3,5,0,1.3,11
43,Norte,79,676.82,4,3.68,11,12,6,43.59,3,1,0,1.7,5
48,Centro-Oeste,62,692.96,1,23.98,9,10,3,3.43,3,1,5,3.1,5
37,Sudeste,53,259.08,3,75.25,1,4,1,50.81,3,2,3,5.7,7
23,Norte,80,1915.89,4,37.4,2,8,3,39.64,2,2,1,4.1,5
67,Sudeste,15,340.13,5,4.8,2,7,0,21.06,3,1,4,8.2,5
32,Sul,15,361.59,2,23.33,3,12,4,38.25,2,3,6,2.8,6
18,Sudeste,31,319.65,3,90.21,11,11,1,47.59,1,2,2,4.0,4
43,Centro-Oeste,46,246.95,2,23.17,8,8,1,18.45,2,3,9,0.1,5
46,Sul,92,474.16,2,12.03,2,9,1,37.59,3,5,9,1.6,8
19,Centro-Oeste,4,198.26,4,19.24,11,6,5,37.36,2,2,7,0.0,4
39,Nordeste,27,1246.46,3,50.38,8,2,3,42.95,1,1,10,2.7,6
46,Centro-Oeste,17,348.5,5,16.48,9,8,1,32.81,1,1,11,7.2,3
26,Sul,24,313.93,4,33.75,5,12,3,53.5,1,1,4,2.8,4
58,Centro-Oeste,111,1037.66,6,9.09,3,13,1,37.71,1,3,7,4.6,6
38,Sul,2,1003.78,6,8.75,7,13,1,20.2,3,3,3,2.2,5
49,Nordeste,104,234.6,4,69.5,5,12,3,22.56,1,2,8,0.0,7
49,Centro-Oeste,117,128.64,1,2.96,6,7,0,45.96,1,1,0,9.5,3
64,Sul,18,351.23,6,138.72,7,3,0,36.76,3,2,11,5.6,3
61,Sul,67,479.87,3,26.22,2,2,2,39.5,2,1,0,6.3,4
57,Sul,48,222.5,3,48.65,6,9,5,48.83,2,6,3,0.0,10
43,Sul,113,277.63,2,29.58,4,8,0,39.39,3,0,3,8.0,0
65,Centro-Oeste,67,313.59,2,62.78,10,7,4,55.04,3,2,9,0.3,4
30,Norte,64,781.84,2,31.86,8,2,1,34.44,1,2,4,10.0,3
20,Sudeste,2,165.13,2,9.41,4,11,6,29.83,3,3,6,0.0,7
49,Sul,113,1022.48,2,11.18,6,6,1,50.58,1,0,6,5.2,3
50,Norte,100,90.48,6,18.36,9,14,2,52.33,1,1,7,2.9,4
50,Centro-Oeste,21,916.97,1,55.2,8,3,1,43.57,1,0,11,5.0,2
59,Nordeste,37,43.03,6,9.33,9,10,2,33.01,1,3,2,8.0,4
59,Sul,71,254.47,5,8.47,2,13,4,21.93,2,4,2,0.0,6
30,Norte,88,96.59,4,0.86,7,6,1,20.04,2,1,1,3.3,4
60,Norte,87,294.96,5,31.05,11,2,1,20.47,2,1,8,3.9,3
23,Nordeste,4,504.76,1,5.16,6,14,4,51.09,1,2,3,0.0,5
21,Norte,46,262.34,6,2.51,11,11,4,41.05,2,2,3,3.0,8
55,Norte,2,696.22,3,111.88,6,14,1,40.51,1,2,3,3.0,6
23,Sudeste,106,286.17,5,4.5,2,7,2,33.71,2,1,6,5.5,4
68,Centro-Oeste,108,318.46,4,57.31,2,5,4,17.35,3,3,5,0.0,6
20,Nordeste,1,802.7,2,27.14,8,10,3,42.35,2,1,5,1.5,4
44,Sul,119,289.32,5,0.59,11,11,0,65.26,2,0,5,10.0,0
57,Sudeste,86,252.04,6,20.34,7,4,5,36.92,3,2,6,1.5,5
37,Sul,47,147.41,4,68.04,8,4,2,19.83,2,1,3,4.6,3
35,Sudeste,99,372.07,3,102.71,3,8,3,48.48,1,5,8,2.8,7
37,Norte,42,133.12,5,17.22,10,3,0,47.17,1,1,1,8.4,3
47,Nordeste,13,538.64,6,34.79,5,4,4,47.44,3,0,0,4.4,2
27,Sudeste,20,600.53,5,7.27,7,10,5,31.03,1,0,7,5.8,3
69,Norte,78,178.72,5,47.03,4,9,1,26.82,3,3,2,5.3,8
40,Sudeste,70,242.19,3,4.28,10,13,3,52.39,2,2,8,0.0,5
64,Centro-Oeste,42,207.79,2,7.54,1,6,4,39.99,2,0,0,7.0,1
20,Nordeste,63,480.86,6,78.88,5,9,1,53.38,2,3,7,2.9,6
69,Centro-Oeste,84,526.69,1,0.11,11,14,2,30.87,2,2,10,4.0,5
67,Sul,30,201.89,1,28.45,4,7,0,26.2,3,1,10,10.0,1
26,Centro-Oeste,82,282.08,3,28.8,8,4,4,35.88,1,2,10,1.9,5
66,Norte,1,180.06,2,14.57,1,12,4,46.81,1,0,8,4.6,3
36,Sul,74,347.39,4,69.59,10,14,1,50.03,2,0,4,10.0,1
53,Sul,64,336.22,1,12.01,6,6,0,57.32,1,0,10,8.5,2
57,Sul,97,473.06,6,2.08,7,7,3,36.13,1,0,0,2.2,3
44,Nordeste,14,493.21,4,75.05,7,2,3,23.87,1,0,3,5.2,4
59,Sul,116,357.75,4,11.4,4,5,1,44.72,2,2,4,5.7,6
45,Centro-Oeste,26,683.05,3,4.17,4,5,3,5.95,2,1,7,2.4,6
60,Sul,62,414.12,2,20.7,2,12,1,41.65,3,2,10,3.2,5
68,Nordeste,11,639.88,4,73.96,4,9,2,44.13,3,4,10,0.0,8
25,Sudeste,37,427.0,2,18.75,1,12,3,37.03,1,2,3,0.9,5
59,Nordeste,28,182.5,3,64.83,2,6,3,43.46,1,2,6,4.4,4
65,Nordeste,103,338.61,3,40.24,3,9,3,26.41,1,4,7,0.0,7
25,Centro-Oeste,3,357.82,3,23.43,4,5,2,39.02,2,2,11,4.0,5
35,Sudeste,49,273.16,3,11.66,7,4,2,45.19,3,1,4,6.1,2
38,Norte,73,973.75,6,14.22,10,3,4,22.49,2,1,1,4.7,4
63,Sul,32,106.57,3,8.71,6,5,2,66.44,3,2,8,2.1,5
30,Sul,117,520.24,2,31.98,8,3,3,18.01,3,4,0,4.2,10
44,Centro-Oeste,17,317.4,2,34.87,2,14,0,34.84,1,1,8,6.9,1
64,Norte,34,340.75,2,17.28,3,2,5,33.78,3,1,3,0.0,3
57,Sudeste,119,991.18,3,35.39,2,7,2,33.73,2,0,6,3.3,4
33,Nordeste,47,395.12,3,141.22,11,10,2,48.55,3,1,6,3.3,4
57,Sul,31,703.68,3,12.83,10,11,2,49.9,1,1,9,6.4,4
26,Sudeste,99,625.83,1,143.92,9,4,3,29.42,2,0,2,3.6,4
44,Centro-Oeste,9,273.49,5,5.72,9,9,2,31.93,1,1,3,4.8,5
34,Nordeste,66,165.88,3,19.29,5,11,3,41.46,3,0,9,7.8,3
20,Centro-Oeste,74,507.91,6,6.15,3,9,3,36.67,3,1,7,0.0,5
21,Nordeste,26,590.92,4,19.14,3,7,1,32.13,3,1,3,3.3,4
57,Nordeste,82,404.04,2,3.03,4,14,3,37.29,1,0,6,4.2,5
69,Sul,112,829.75,3,89.86,4,4,5,44.43,1,2,1,1.9,4
18,Centro-Oeste,113,127.93,1,20.8,9,14,3,27.08,2,2,0,5.6,5
31,Sudeste,95,817.01,2,30.9,6,3,0,49.14,3,2,1,5.6,4
25,Sudeste,16,292.71,1,1.89,1,13,3,39.35,1,2,2,7.2,3
24,Sul,26,135.14,6,0.43,9,14,0,46.39,1,4,10,4.7,6
47,Norte,76,93.2,6,10.29,6,3,3,46.24,2,1,4,4.2,3
42,Nordeste,105,249.4,4,19.76,3,14,3,12.01,2,1,3,2.8,4
56,Nordeste,73,233.09,5,5.39,6,9,3,51.56,2,4,5,0.0,6
33,Sudeste,55,569.36,2,1.09,9,7,1,21.15,1,0,11,10.0,1
28,Sudeste,55,455.69,3,36.24,8,12,3,25.01,2,4,9,0.0,7
42,Norte,30,538.87,2,2.64,1,8,5,60.65,3,1,6,2.4,3
50,Centro-Oeste,26,267.78,2,12.37,4,3,0,31.34,2,2,5,6.8,3
69,Norte,47,270.58,1,0.39,11,14,5,36.89,3,0,7,6.3,1
68,Centro-Oeste,102,626.65,5,0.66,1,5,1,23.72,3,0,0,9.5,2
65,Centro-Oeste,111,170.67,2,0.48,3,9,2,42.01,2,1,2,3.8,3
38,Sul,118,44.51,2,19.24,7,8,2,43.36,1,1,6,3.9,3
69,Sul,50,232.4,1,14.26,2,4,1,38.3,3,1,8,8.2,2
69,Centro-Oeste,58,95.55,2,0.71,1,3,1,36.32,1,2,2,5.2,6
27,Centro-Oeste,9,881.32,5,8.6,10,5,4,45.78,1,2,3,5.6,5
67,Centro-Oeste,43,874.09,3,4.7,7,2,0,30.5,1,1,8,5.5,2
26,Norte,73,374.93,3,54.23,1,7,5,37.95,1,1,11,1.7,6
18,Sul,99,132.19,5,23.5,3,7,2,38.18,2,2,9,2.5,6
51,Norte,11,198.35,2,24.65,6,11,4,48.14,2,1,7,3.5,3
48,Sul,66,399.94,3,12.48,7,4,0,32.3,1,2,0,4.0,3
38,Nordeste,94,337.17,4,4.47,2,10,1,56.28,3,3,4,4.3,5
41,Nordeste,101,187.27,2,10.62,5,6,2,37.77,1,1,9,3.3,4
36,Sudeste,115,437.82,2,37.85,8,6,3,55.64,3,0,3,4.7,2
65,Sul,42,325.39,2,23.91,4,4,0,31.52,1,0,11,6.0,1
38,Sul,112,697.48,3,25.55,6,14,2,16.68,1,2,11,0.6,4
42,Centro-Oeste,51,711.66,5,61.1,5,7,4,30.14,3,1,6,5.2,4
37,Sudeste,49,721.41,6,9.43,7,2,2,63.28,1,1,10,3.4,4
43,Nordeste,53,101.0,5,12.18,2,14,2,40.28,2,1,9,4.1,5
24,Nordeste,118,123.01,5,73.36,9,14,2,42.62,2,0,5,5.8,3
20,Norte,61,370.21,3,24.93,10,7,1,41.49,3,2,2,8.9,5
57,Nordeste,90,122.34,4,44.0,6,6,2,25.19,2,1,6,6.1,3
65,Norte,57,540.55,2,22.89,9,9,1,48.24,3,1,7,4.3,3
25,Norte,105,240.45,2,48.0,4,14,1,37.37,3,0,6,5.5,5
47,Norte,76,1183.03,2,13.32,2,4,3,25.1,3,1,1,2.7,4
28,Nordeste,42,140.84,2,78.2,11,5,1,38.3,3,3,0,7.3,6
25,Sul,23,338.87,3,12.58,8,13,2,20.36,2,1,2,4.6,3
54,Centro-Oeste,33,237.49,4,58.24,7,13,3,50.09,3,2,9,3.5,5
34,Centro-Oeste,111,393.63,5,24.65,9,5,4,43.96,3,2,0,3.2,8
25,Norte,39,1013.75,1,47.75,10,8,2,14.48,1,1,1,6.3,2
64,Sul,58,587.45,4,100.47,7,14,3,30.05,1,1,1,4.6,4
61,Sudeste,38,447.5,5,24.81,6,7,2,44.85,3,2,4,4.9,5
47,Nordeste,18,463.71,3,9.89,4,5,0,17.21,3,1,7,5.9,3
60,Nordeste,89,461.83,2,14.02,7,6,3,29.26,1,6,4,0.0,8
60,Centro-Oeste,97,470.16,6,40.43,11,10,3,54.07,1,1,0,5.8,5
33,Norte,108,802.93,1,7.01,8,7,1,30.57,2,2,3,6.9,5
21,Sul,94,376.56,4,32.82,9,12,0,25.85,2,0,11,8.8,0
38,Sul,50,755.61,1,10.68,9,3,2,37.91,2,3,11,0.0,5
67,Nordeste,40,201.55,4,7.05,11,7,1,34.9,1,0,0,6.1,3
51,Sul,75,429.31,4,50.38,6,12,1,40.03,1,1,11,5.0,3
57,Sul,119,234.33,4,2.0,7,9,4,17.68,3,1,3,6.8,4
52,Nordeste,70,70.01,1,29.14,11,12,0,44.01,2,2,4,6.8,3
30,Sul,106,34.27,5,0.98,2,14,1,28.06,3,1,10,5.6,3
60,Sul,74,511.22,6,12.99,11,8,1,47.68,2,0,10,6.2,1
44,Centro-Oeste,67,237.97,4,8.39,6,14,3,30.49,2,1,2,6.2,5
25,Nordeste,58,288.81,4,29.89,6,9,0,44.0,1,2,5,5.0,4
58,Norte,46,88.14,5,32.4,1,14,1,37.58,1,4,9,4.4,8
59,Norte,92,797.77,1,27.19,6,9,4,44.07,1,0,1,3.9,3
46,Centro-Oeste,104,151.8,5,17.69,6,3,0,51.33,2,3,0,6.4,5
33,Nordeste,46,439.41,4,0.95,2,2,1,16.95,3,3,11,4.3,6
60,Centro-Oeste,99,670.5,5,14.19,7,12,4,27.37,3,2,1,0.0,4
63,Norte,66,545.98,5,18.22,2,2,2,42.4,3,2,8,6.4,3
22,Nordeste,17,629.21,3,4.53,7,8,4,41.62,2,2,1,4.1,4
54,Nordeste,68,1060.85,6,9.41,6,7,1,40.87,3,3,1,7.9,5
57,Centro-Oeste,41,302.19,2,5.25,5,6,3,55.06,1,1,2,3.0,3
57,Nordeste,116,149.04,3,5.27,10,11,0,24.78,2,0,11,5.5,2
59,Nordeste,59,578.24,4,17.71,11,5,0,35.58,3,3,8,6.6,5
27,Sul,99,107.11,1,52.64,2,10,3,44.49,1,1,7,6.1,3
32,Norte,112,572.3,4,21.25,8,10,4,36.76,2,2,2,3.9,5
38,Sudeste,11,344.19,4,113.73,5,10,1,56.66,1,3,11,2.0,7
51,Centro-Oeste,53,409.77,6,8.23,3,5,5,43.93,2,1,10,0.2,3
39,Sul,35,544.91,1,17.71,8,11,5,60.58,3,4,6,0.0,9
39,Nordeste,6,355.75,5,26.1,8,11,4,33.54,3,0,3,3.3,5
26,Sudeste,3,255.95,4,58.47,5,12,2,38.37,3,1,4,4.2,4
43,Nordeste,41,984.67,1,9.23,9,7,2,47.73,3,1,9,1.8,6
30,Sudeste,115,446.05,1,8.72,5,13,3,10.23,3,2,2,3.4,5
35,Centro-Oeste,11,615.64,4,8.66,4,3,2,26.44,3,1,11,1.6,3
18,Centro-Oeste,84,279.65,6,15.36,8,8,3,19.07,1,0,3,4.9,3
40,Nordeste,49,253.74,4,16.22,6,12,5,24.61,3,1,11,2.4,3
50,Norte,70,839.51,3,7.81,9,10,1,33.86,1,0,9,5.4,3
64,Nordeste,61,981.65,2,11.46,8,8,2,33.33,3,2,2,5.4,4
48,Sudeste,13,522.52,5,22.67,10,4,1,23.65,3,0,0,10.0,2
38,Sul,1,555.58,6,11.69,10,11,1,41.86,1,0,10,0.2,4
40,Norte,25,140.08,3,34.02,6,9,3,46.82,3,2,9,0.4,4
33,Sudeste,82,393.87,6,88.01,3,12,4,42.82,2,0,5,3.7,2
44,Norte,48,206.81,4,53.71,3,7,1,33.61,3,3,11,2.4,7
54,Norte,20,496.11,6,101.13,9,11,6,29.64,1,2,4,2.1,5
55,Centro-Oeste,95,579.14,1,42.46,9,6,1,30.62,2,2,8,7.7,4
69,Norte,93,683.92,1,11.75,11,5,1,46.89,2,1,2,5.4,7
31,Centro-Oeste,60,366.07,6,14.83,3,3,3,33.67,2,3,10,1.3,6
54,Sul,70,193.66,2,145.81,7,11,2,43.48,3,1,3,4.7,3
64,Norte,3,1204.83,6,0.94,10,4,3,25.72,2,1,3,4.2,4
24,Sul,89,1235.83,6,44.18,8,12,2,56.66,3,1,3,8.8,4
29,Nordeste,102,297.68,4,55.26,7,12,2,55.3,2,1,4,2.2,3
45,Norte,26,144.9,2,31.47,9,13,2,30.39,1,1,11,5.8,4
20,Norte,6,809.01,6,30.3,3,14,3,45.6,1,1,7,5.2,4
39,Sudeste,62,143.57,5,75.76,6,2,2,52.09,2,1,11,2.6,4
68,Nordeste,81,319.77,2,130.87,2,12,4,20.62,2,3,11,2.1,5
38,Norte,32,584.26,4,197.07,11,3,3,30.05,2,0,0,6.0,2
46,Nordeste,95,203.81,6,27.65,7,5,2,26.61,2,0,3,4.9,4
37,Nordeste,52,409.61,3,2.29,4,9,1,20.85,3,2,1,6.3,4
20,Centro-Oeste,80,445.99,4,1.42,9,6,4,37.85,3,2,6,2.6,4
44,Norte,3,296.05,5,29.13,11,2,3,36.82,3,1,7,5.6,3
38,Sudeste,52,486.84,5,25.31,3,11,2,51.33,3,2,0,5.5,5
58,Sul,2,138.61,1,34.09,1,7,3,39.34,3,1,8,4.1,6
50,Norte,10,345.45,5,37.84,3,12,2,32.45,1,2,3,6.5,5
47,Centro-Oeste,52,189.76,3,107.58,2,4,1,32.21,2,1,0,5.3,5
65,Nordeste,50,372.11,6,17.22,10,13,3,51.74,3,3,2,2.7,6
56,Norte,75,152.23,2,0.44,8,8,0,41.72,2,3,8,5.6,5
58,Sudeste,11,71.39,4,4.12,10,10,4,41.94,2,1,5,5.2,4
26,Sul,37,253.83,3,17.24,2,11,1,25.93,2,1,10,6.3,3
65,Centro-Oeste,8,357.25,4,4.83,10,12,2,41.41,3,3,11,1.7,6
55,Norte,68,384.16,1,25.68,3,2,0,53.81,1,1,8,7.8,3
40,Norte,34,289.92,1,33.73,10,12,3,26.19,3,1,0,4.5,4
40,Norte,62,298.61,2,10.01,11,7,1,38.65,1,2,10,7.0,3
18,Norte,5,276.35,4,1.92,4,10,2,38.63,1,1,2,5.1,6
38,Nordeste,19,258.63,4,23.2,10,12,0,37.57,2,2,9,7.2,2
49,Norte,78,829.68,3,29.03,8,13,2,47.23,1,0,4,7.3,1
62,Nordeste,112,470.04,6,72.19,2,9,1,34.2,1,1,8,5.6,3
43,Centro-Oeste,7,74.24,2,43.19,7,10,2,26.67,2,3,0,2.7,7
50,Centro-Oeste,15,512.44,3,80.42,5,3,0,23.19,2,1,0,10.0,3
26,Norte,58,339.9,5,29.12,6,10,2,32.35,3,3,11,3.0,7
34,Nordeste,50,197.48,4,44.93,2,3,1,5.74,1,3,3,5.2,6
23,Nordeste,86,274.53,2,24.22,7,6,3,27.5,3,0,2,4.9,3
63,Nordeste,16,825.63,4,19.12,2,5,3,33.98,2,1,10,5.3,3
24,Centro-Oeste,96,902.94,2,5.18,8,5,4,51.8,2,2,3,2.7,5
24,Centro-Oeste,32,479.61,3,40.16,4,5,5,40.34,2,2,2,1.8,6
54,Sul,38,722.01,3,20.33,4,5,2,43.57,1,1,4,3.6,5
22,Centro-Oeste,32,382.72,5,52.5,2,4,3,55.87,1,2,2,4.9,4
50,Sudeste,72,188.41,1,0.97,5,10,4,50.42,3,2,2,3.9,4
67,Norte,57,240.42,5,33.38,4,4,1,53.53,1,2,8,4.4,5
27,Norte,37,413.75,1,17.77,9,6,1,57.11,3,0,1,8.3,1
34,Centro-Oeste,107,264.22,5,19.4,7,7,4,43.66,1,3,2,0.9,7
57,Nordeste,59,378.62,5,23.11,11,12,2,42.5,2,3,4,2.6,7
45,Norte,32,769.77,4,2.71,5,11,3,56.6,3,4,1,0.0,7
64,Centro-Oeste,56,425.3,1,31.16,8,13,3,32.52,2,1,7,1.9,3
63,Sul,94,381.75,3,16.7,6,12,4,27.78,1,4,2,6.4,7
39,Sudeste,102,465.62,1,2.63,3,12,3,19.67,3,2,8,0.0,4
38,Sudeste,101,351.56,3,37.01,1,11,4,38.78,1,0,2,5.3,5
64,Sul,3,1118.27,1,24.39,5,9,3,55.7,3,1,2,4.4,3
49,Centro-Oeste,116,626.83,3,15.11,10,9,5,50.74,2,2,10,0.0,7
49,Norte,50,193.2,2,79.61,8,14,2,51.27,2,0,3,6.3,2
68,Centro-Oeste,90,1117.53,2,16.17,10,8,4,13.09,1,3,5,2.3,5
53,Centro-Oeste,114,597.89,5,2.12,8,13,1,40.01,1,1,5,4.4,4
48,Sudeste,104,163.07,4,2.26,6,12,4,43.48,2,2,11,0.0,4
23,Sul,92,347.47,1,67.31,4,5,1,54.28,3,0,3,5.5,2
38,Sudeste,32,150.8,4,10.32,11,7,2,54.76,2,2,8,3.0,5
52,Nordeste,106,542.7,1,8.22,7,5,1,39.87,2,0,5,5.8,2
31,Sudeste,5,100.37,5,22.53,2,14,3,34.02,2,1,8,3.1,4
40,Centro-Oeste,71,560.25,2,57.77,7,7,0,43.84,3,0,6,8.4,1
59,Sul,78,288.59,6,59.46,7,7,4,35.22,2,2,5,0.0,6
41,Sul,77,471.91,6,67.89,5,13,0,42.32,1,2,3,6.5,2
47,Norte,80,681.46,6,9.48,5,2,1,67.06,3,1,4,7.1,2
27,Nordeste,93,394.47,4,107.98,10,11,2,37.46,3,1,3,6.6,2
22,Nordeste,80,253.51,1,19.92,11,8,1,50.73,1,3,4,3.9,5
59,Nordeste,78,306.19,2,5.94,4,8,0,42.73,1,1,3,10.0,3
47,Centro-Oeste,104,361.85,5,5.75,6,7,1,35.43,3,1,2,6.8,2
24,Norte,62,554.48,6,12.97,7,12,0,68.54,2,2,8,5.9,7
23,Nordeste,91,358.56,3,3.13,9,8,1,40.58,1,0,11,6.6,2
25,Norte,88,414.07,2,62.04,10,11,4,44.76,2,2,9,1.1,4
69,Sudeste,90,623.43,6,36.27,3,9,1,44.58,1,4,6,3.9,8
43,Nordeste,81,926.04,1,50.74,7,11,2,32.37,1,1,1,3.1,3
35,Sudeste,24,93.9,6,27.22,10,10,3,34.65,3,3,8,3.8,5
53,Norte,76,320.04,1,22.74,9,13,0,41.78,1,2,11,7.8,2
43,Sul,75,193.84,4,8.65,10,11,2,51.39,3,1,9,6.4,3
53,Sul,29,884.96,3,7.33,5,9,2,36.56,1,1,9,7.4,2
58,Sul,89,237.2,6,17.28,3,9,3,35.43,1,1,6,0.0,4
21,Sudeste,4,68.73,6,39.5,11,9,2,45.93,3,2,5,2.2,5
30,Centro-Oeste,72,220.09,4,27.36,5,8,3,44.67,3,0,2,5.0,3
41,Sul,72,466.8,6,2.57,11,4,3,38.84,3,1,6,6.4,4
48,Centro-Oeste,29,626.9,3,2.92,10,10,3,45.5,2,1,0,3.3,3
39,Sul,44,667.52,3,91.28,6,3,4,27.22,2,0,3,6.5,2
57,Sudeste,47,450.65,5,4.79,6,12,1,43.3,3,1,2,8.0,4
35,Sudeste,55,116.91,2,44.76,1,2,4,44.52,1,2,1,0.0,5
51,Nordeste,108,325.19,1,61.0,4,8,4,23.69,1,0,10,2.4,3
40,Sudeste,105,289.45,6,52.81,9,13,1,26.45,3,1,9,9.1,3
56,Sudeste,89,651.98,4,24.9,6,5,1,37.44,3,1,7,6.8,3
64,Nordeste,74,588.11,5,24.81,2,14,2,20.23,2,2,7,6.4,5
54,Sul,86,389.97,2,0.12,5,3,4,29.93,2,3,5,3.5,6
64,Sudeste,68,742.9,1,55.36,7,6,0,37.05,1,2,9,5.7,3
18,Sudeste,29,409.49,2,36.49,6,2,1,38.79,1,3,11,2.8,7
59,Centro-Oeste,46,241.86,3,149.5,11,3,4,52.68,3,1,9,4.4,3
37,Norte,61,148.96,6,1.54,9,10,4,25.74,3,1,5,5.4,6
64,Sudeste,38,254.94,5,13.7,11,8,0,23.12,1,1,10,8.9,2
42,Norte,94,248.06,4,123.45,1,2,1,38.67,1,2,1,3.8,6
23,Sul,60,1011.99,1,1.29,8,14,3,13.34,2,1,9,4.4,3
69,Nordeste,100,143.09,3,8.05,7,11,2,29.36,3,0,3,4.3,2
47,Sul,44,1284.29,6,2.89,3,7,3,43.24,3,0,10,4.5,2
37,Centro-Oeste,26,347.56,5,9.99,6,12,4,37.15,3,3,4,2.1,5
26,Sudeste,51,416.54,6,2.43,10,5,4,44.13,2,0,8,1.5,4
65,Sul,22,310.54,6,3.49,2,4,2,24.61,2,0,4,5.6,3
66,Nordeste,57,411.41,2,3.18,7,9,6,33.98,1,0,7,2.4,4
35,Norte,108,843.11,5,3.37,3,2,2,48.89,3,2,11,3.2,4
57,Sul,6,27.01,2,83.21,1,2,0,30.99,1,0,3,5.6,1
20,Centro-Oeste,34,374.01,2,15.1,5,7,3,32.15,2,0,8,3.8,3
53,Sudeste,49,657.27,1,32.18,2,8,2,46.55,2,1,5,4.1,3
23,Sudeste,14,523.64,3,2.59,1,10,5,29.8,1,2,1,0.0,4
61,Centro-Oeste,107,471.73,1,8.62,1,9,1,32.81,2,1,4,8.6,4
55,Centro-Oeste,86,154.35,4,125.36,5,9,2,35.03,3,2,0,4.8,4
18,Norte,79,283.05,2,59.35,11,10,1,44.55,2,2,5,1.7,4
36,Sudeste,110,641.73,1,18.47,4,8,1,51.01,3,4,11,1.6,6
55,Norte,49,171.35,5,20.19,9,7,2,39.96,1,1,6,5.0,4
45,Norte,55,1072.6,2,2.58,11,2,4,18.52,2,1,7,5.6,4
64,Sul,35,327.51,3,15.55,8,8,2,32.65,1,1,2,6.8,2
26,Nordeste,119,574.11,3,28.38,5,12,3,31.79,2,0,11,5.8,2
64,Nordeste,67,142.52,2,138.9,5,2,1,31.06,2,1,0,3.5,4
27,Sul,80,198.23,4,19.88,6,11,3,62.25,1,1,2,0.8,4
41,Norte,47,170.19,4,24.71,8,12,1,22.63,3,2,2,5.5,5
43,Sul,30,658.72,4,16.66,2,10,4,29.08,3,0,7,2.2,5
25,Nordeste,42,529.51,6,39.41,9,2,3,40.72,3,1,1,4.5,4
22,Sul,51,117.19,3,18.67,5,9,2,54.84,2,2,6,5.0,4
30,Sudeste,40,700.53,5,14.13,8,10,1,26.09,3,2,0,7.6,6
39,Sul,16,309.91,3,9.87,7,13,2,16.17,1,2,9,4.4,4
51,Norte,81,129.27,4,4.3,2,7,3,47.36,3,4,5,0.7,8
42,Norte,62,446.26,3,50.52,1,9,3,43.92,2,0,7,6.3,2
40,Norte,35,233.57,3,60.22,5,13,0,36.94,1,1,2,7.9,1
58,Norte,43,50.93,5,33.78,6,4,3,35.93,2,0,10,4.3,3
65,Centro-Oeste,60,126.73,6,55.24,3,12,4,21.77,2,1,5,3.9,3
38,Sudeste,66,137.17,1,3.13,4,14,2,51.69,3,2,11,1.2,7
20,Sul,77,192.85,5,48.42,9,2,1,44.74,1,2,11,3.9,4
25,Sul,73,328.62,5,43.11,10,12,6,44.36,2,2,7,0.0,5
63,Sudeste,66,347.38,6,103.33,10,12,1,37.57,3,2,0,7.9,3
67,Sul,116,218.79,1,17.39,11,9,3,35.44,2,3,0,3.2,5
56,Nordeste,74,475.08,3,7.77,11,7,1,19.23,2,0,1,6.8,2
68,Sul,13,213.38,5,3.22,11,11,1,27.99,1,4,4,7.5,6
56,Nordeste,34,407.16,6,54.62,9,7,1,23.3,3,1,8,4.7,3
39,Sudeste,80,474.68,1,30.24,6,14,6,21.66,2,1,10,0.9,4
62,Centro-Oeste,22,630.25,3,12.3,10,10,4,44.64,2,2,0,0.0,5
28,Nordeste,106,391.87,5,30.44,2,14,2,46.21,2,1,10,6.7,3
40,Sul,84,569.84,1,39.44,3,8,2,26.67,3,1,0,3.1,5
66,Sul,95,1466.72,1,40.2,7,10,2,21.03,2,3,0,7.9,4
33,Nordeste,81,411.17,5,24.37,4,3,2,37.36,1,1,11,2.0,5
69,Sul,78,1471.44,4,14.66,8,7,3,42.78,3,3,3,2.8,6
68,Centro-Oeste,60,247.14,3,66.17,5,13,2,46.46,3,0,1,7.0,2
45,Centro-Oeste,57,635.09,5,19.89,4,11,0,33.25,1,2,6,3.7,6
52,Sudeste,12,173.52,6,14.92,4,12,3,29.28,2,2,11,2.4,6
59,Norte,53,686.0,1,0.04,3,9,2,40.03,3,2,5,4.9,5
46,Centro-Oeste,107,262.36,5,17.48,3,9,4,32.72,1,2,3,0.4,4
55,Nordeste,52,120.2,2,0.47,10,5,3,4.61,2,4,3,4.8,9
23,Sul,103,1094.43,4,36.53,11,14,2,47.86,3,2,11,1.3,4
66,Norte,54,1152.0,6,32.08,8,4,4,57.77,3,1,1,2.8,4
31,Nordeste,98,927.89,4,9.68,3,2,4,53.8,2,0,2,6.2,1
46,Norte,84,139.76,5,9.24,11,6,5,45.37,2,4,10,0.0,8
66,Norte,51,137.59,1,7.86,1,9,1,40.4,2,1,6,4.5,3
45,Norte,75,482.15,2,37.46,4,12,5,21.47,2,4,6,0.0,7
27,Centro-Oeste,30,284.43,2,44.76,7,7,1,32.46,3,0,2,6.1,1
63,Sul,31,1010.66,1,15.43,4,13,2,31.92,2,0,7,5.2,3
64,Norte,69,550.17,4,34.27,9,12,0,45.49,1,1,7,6.5,2
21,Norte,89,542.58,1,3.45,5,14,8,42.85,3,1,8,0.0,4
41,Sudeste,76,217.9,5,9.85,5,9,3,21.86,3,0,6,6.1,4
19,Sul,64,141.67,3,8.17,7,4,1,22.43,3,1,7,6.5,2
63,Centro-Oeste,87,1023.52,4,85.92,1,12,2,50.66,2,4,4,1.9,7
46,Sul,48,485.88,3,19.33,10,10,3,36.9,2,2,10,5.4,5
42,Centro-Oeste,113,550.88,5,1.45,2,13,0,23.52,1,1,11,6.3,1
48,Norte,29,726.05,1,73.56,10,13,1,38.31,2,3,10,2.7,5
64,Sul,22,496.81,4,18.44,7,5,2,9.17,1,2,3,7.2,5
68,Centro-Oeste,19,383.83,5,6.21,7,9,1,45.92,1,1,2,5.1,3
63,Sul,8,166.82,6,30.74,2,13,2,36.11,1,1,6,5.9,3
32,Nordeste,44,272.77,1,8.22,7,9,4,37.19,3,1,9,0.0,3
55,Sul,102,1386.85,5,0.15,11,3,5,45.19,2,1,9,2.7,3
50,Sudeste,92,906.45,2,46.45,6,6,1,41.37,3,1,3,7.4,3
67,Sudeste,60,1132.9,2,37.85,1,7,4,44.91,2,3,3,2.0,6
66,Centro-Oeste,79,385.14,3,25.66,9,14,2,46.59,3,1,3,4.8,3
25,Sudeste,40,714.93,3,139.66,8,14,4,54.39,1,1,10,3.1,3
57,Centro-Oeste,114,446.55,2,69.16,9,13,2,32.84,1,4,4,4.2,7
33,Norte,62,170.64,3,3.32,2,8,0,52.41,1,2,8,5.3,5
55,Centro-Oeste,27,324.24,5,4.0,1,12,1,38.73,2,3,8,3.8,6
61,Sul,98,148.65,5,7.71,2,12,1,58.53,3,2,1,4.5,4
58,Sul,108,478.26,4,0.69,4,11,2,37.09,2,2,4,4.0,7
51,Nordeste,48,596.5,6,41.61,4,10,1,31.28,3,3,7,1.8,7
23,Norte,97,1004.38,5,9.61,4,2,0,65.44,2,3,11,4.5,4
56,Sudeste,45,479.04,6,30.01,11,12,1,34.18,3,2,10,3.2,4
57,Sudeste,49,168.11,6,16.51,6,14,2,53.71,1,0,5,2.1,3
66,Norte,2,928.87,5,5.77,4,9,2,7.25,3,1,7,7.2,4
40,Sul,68,55.54,5,71.45,3,4,2,52.16,2,3,2,3.0,5
67,Centro-Oeste,105,986.92,2,52.37,3,12,3,44.15,2,1,3,1.0,5
38,Nordeste,43,125.72,5,31.8,6,8,3,30.99,1,1,0,5.6,4
52,Sul,16,384.07,6,31.07,8,3,1,55.73,3,5,1,3.5,8
64,Sul,35,656.35,4,15.18,10,9,1,38.8,2,2,3,6.0,3
46,Centro-Oeste,91,554.43,3,121.75,5,12,1,32.33,1,2,6,4.7,4
52,Norte,75,191.88,3,11.87,2,10,3,43.34,1,1,3,4.8,3
19,Centro-Oeste,83,188.37,3,34.16,11,10,0,54.03,2,3,2,8.8,4
50,Sul,81,329.58,2,33.78,11,7,4,31.19,3,2,3,3.9,4
43,Sul,111,179.58,2,16.25,1,5,2,68.97,1,2,9,2.2,4
61,Sul,83,505.43,3,19.01,2,5,2,43.18,1,3,1,4.6,7
49,Centro-Oeste,11,507.4,1,30.22,1,11,2,35.66,1,1,9,4.8,3
35,Sul,83,376.29,3,4.28,3,14,1,28.7,2,3,11,5.5,6
51,Sul,56,213.14,2,21.35,10,5,3,66.87,1,3,11,0.0,7
47,Nordeste,50,64.11,3,3.31,9,2,2,36.24,3,1,7,6.4,4
61,Nordeste,12,490.26,1,9.6,3,12,3,42.48,3,1,7,3.8,5
40,Sul,33,448.49,3,7.8,3,4,3,55.66,2,1,2,3.7,4
65,Nordeste,42,1365.27,3,14.01,9,13,1,43.2,2,3,1,5.9,6
37,Nordeste,97,690.01,4,47.3,3,13,2,64.73,3,4,4,2.8,10
63,Norte,17,492.92,1,50.17,10,8,2,62.79,3,4,6,5.3,7
40,Norte,22,540.24,3,50.89,2,13,3,62.74,2,4,3,0.0,10
57,Sudeste,110,382.03,1,84.46,9,8,2,35.8,3,1,0,7.1,3
25,Norte,98,547.68,2,8.1,4,13,2,52.91,3,2,8,2.6,4
31,Centro-Oeste,76,1135.28,6,0.48,10,10,2,36.32,3,2,0,4.8,4
40,Nordeste,48,121.36,6,20.14,11,13,2,41.34,2,2,7,3.2,6
63,Sudeste,32,83.34,2,0.46,7,2,2,48.56,2,2,4,0.9,4
31,Nordeste,5,810.91,2,75.7,10,13,2,39.18,3,1,1,5.2,4
19,Sudeste,79,470.42,4,12.73,6,4,1,43.57,3,2,7,5.9,5
21,Sul,48,396.59,6,230.33,2,6,0,26.18,2,5,5,4.0,9
41,Norte,69,162.27,2,57.98,8,2,2,27.13,3,1,5,6.8,3
68,Sudeste,72,1065.27,1,12.4,3,7,2,42.56,1,1,7,8.6,4
53,Nordeste,107,536.74,6,44.93,6,14,0,42.67,1,0,3,10.0,4
26,Sudeste,108,323.19,6,41.18,4,11,2,51.53,1,2,0,4.0,5
33,Nordeste,59,245.0,3,0.41,6,4,2,51.43,2,3,6,5.5,5
49,Centro-Oeste,65,909.44,2,39.76,2,6,2,28.48,3,3,2,2.8,5
49,Centro-Oeste,107,313.47,4,36.69,2,4,1,20.79,1,2,5,3.7,5
44,Nordeste,12,1372.62,2,67.88,3,6,0,55.08,3,0,2,9.2,0
32,Centro-Oeste,17,373.43,2,9.42,5,3,5,39.86,2,1,6,0.0,3
66,Sudeste,109,995.58,2,7.05,6,8,1,49.77,3,2,11,3.4,6
21,Sudeste,1,286.72,1,33.24,3,7,3,33.52,2,0,7,3.9,4
53,Centro-Oeste,15,918.47,2,86.04,7,4,1,28.81,2,1,5,7.7,3
42,Norte,66,422.44,3,65.15,2,5,1,39.45,2,2,9,6.2,4
32,Norte,22,215.21,4,17.68,7,12,2,62.75,2,3,11,3.2,6
29,Sudeste,27,238.96,5,7.33,7,3,2,40.61,3,3,2,4.7,6
24,Nordeste,82,446.12,1,2.7,3,6,1,45.03,3,1,1,10.0,3
53,Norte,104,678.18,4,28.51,5,9,2,35.02,2,1,10,3.6,4
41,Sudeste,51,1046.11,2,16.42,5,9,3,28.61,1,1,2,5.4,3
23,Centro-Oeste,83,479.17,6,86.32,1,10,5,43.06,3,3,7,2.1,6
65,Centro-Oeste,49,378.62,6,0.28,1,12,5,60.64,1,0,8,3.8,2
58,Nordeste,88,695.84,5,102.24,11,4,1,29.16,2,2,0,2.2,5
62,Sul,71,441.62,6,4.1,7,11,5,17.16,1,3,11,0.0,7
48,Sudeste,85,426.91,5,0.77,4,12,0,30.72,2,2,11,4.4,4
38,Centro-Oeste,47,165.25,3,13.59,3,12,2,33.32,1,1,4,6.3,3
28,Sul,31,406.72,1,9.23,8,8,2,47.92,2,4,10,0.0,6
33,Sudeste,92,1112.92,2,3.52,7,11,3,21.17,3,0,5,4.2,2
31,Nordeste,55,960.04,2,4.67,4,3,2,38.97,1,1,9,5.9,4
42,Norte,11,380.12,4,5.09,3,13,1,67.79,2,2,5,7.0,3
31,Sul,99,409.38,1,17.45,8,2,3,28.44,1,2,2,2.2,6
55,Sul,115,606.43,2,21.28,5,11,2,42.09,1,2,7,7.0,4
35,Sul,46,756.33,1,21.85,1,5,1,54.07,3,3,6,5.0,8
31,Norte,19,493.15,5,31.89,11,8,2,21.14,2,0,9,10.0,2
41,Norte,63,701.89,1,2.79,7,10,2,54.23,3,0,3,7.1,2
68,Norte,27,286.67,1,22.99,3,14,2,22.66,2,0,9,3.8,5
25,Centro-Oeste,113,164.58,5,5.7,3,8,3,28.1,2,1,3,2.3,5
62,Nordeste,75,294.55,5,4.5,11,9,3,38.69,2,1,10,3.0,3
42,Centro-Oeste,44,322.78,2,12.25,11,6,2,43.98,2,2,2,4.3,6
51,Norte,26,438.42,4,58.04,10,9,3,29.39,1,0,1,5.3,4
62,Sudeste,15,417.04,5,24.88,1,10,1,64.66,2,3,5,5.6,5
61,Nordeste,11,568.03,6,36.79,5,7,2,18.62,2,1,3,5.8,4
45,Centro-Oeste,20,35.78,5,52.6,5,4,1,17.44,1,2,11,5.0,5
41,Sul,77,1201.05,2,8.09,11,12,1,19.2,3,2,8,5.7,6
35,Nordeste,30,408.93,6,29.91,4,2,5,25.09,3,1,5,0.0,3
51,Nordeste,80,147.18,6,37.87,11,14,2,21.69,2,2,7,5.0,4
59,Nordeste,64,609.0,2,31.27,7,2,1,35.11,2,2,6,5.9,5
20,Centro-Oeste,108,292.0,3,50.51,5,12,2,14.38,3,0,6,4.5,4
29,Sul,5,32.24,1,10.78,1,9,1,30.21,1,3,10,3.6,6
53,Sul,18,96.58,2,51.15,9,11,0,66.26,3,1,8,6.8,2
22,Centro-Oeste,86,402.14,4,44.12,9,6,1,44.86,1,0,1,1.9,2
36,Nordeste,99,685.66,3,18.51,3,14,4,42.81,3,2,0,0.4,5
29,Sul,63,522.65,3,53.95,7,4,5,43.43,1,2,3,2.5,5
44,Centro-Oeste,80,281.63,2,6.59,7,4,1,56.53,2,2,6,3.7,5
34,Sul,97,663.74,4,4.52,7,4,1,35.45,3,0,4,9.1,2
60,Nordeste,117,7.76,4,29.21,1,6,4,25.37,1,3,7,2.5,7
45,Centro-Oeste,118,599.88,3,6.49,1,11,3,27.4,1,0,4,5.3,4
57,Centro-Oeste,58,316.14,2,113.41,3,4,1,23.6,2,2,6,6.1,4
39,Centro-Oeste,22,306.9,3,16.22,1,3,3,33.04,2,2,0,4.3,4
27,Sudeste,58,216.17,6,19.93,5,14,2,20.09,2,3,9,2.7,6
58,Sul,84,286.78,6,27.59,3,2,0,54.45,2,0,6,9.1,1
23,Sul,41,355.38,4,42.97,2,8,1,34.48,3,1,3,8.0,3
34,Norte,74,1154.76,5,77.65,8,4,0,58.9,1,1,2,9.6,1
29,Sul,58,525.95,5,9.27,6,11,0,47.18,1,1,1,7.0,4
23,Centro-Oeste,5,574.05,5,13.18,6,14,2,32.32,2,2,8,3.3,4
60,Centro-Oeste,79,114.98,2,51.09,11,7,2,23.4,3,1,6,4.5,3
39,Centro-Oeste,26,870.52,4,11.19,2,13,2,33.47,1,2,0,2.1,4
67,Centro-Oeste,52,657.4,1,11.73,4,12,3,51.45,1,1,8,4.0,4
33,Norte,87,233.41,2,36.64,2,14,6,43.03,3,1,2,0.6,3
21,Sul,51,381.61,3,23.81,5,13,3,35.79,2,2,7,0.9,4
42,Sul,101,42.09,6,48.13,5,2,2,33.29,2,1,2,2.8,4
50,Sudeste,72,101.24,3,21.05,6,3,1,43.78,3,2,7,2.7,4
18,Sul,73,1024.58,1,48.36,9,9,1,16.98,1,0,11,5.4,3
32,Sudeste,79,396.07,4,126.81,1,9,2,43.86,1,2,4,2.8,4
34,Nordeste,21,893.66,1,33.3,2,10,3,34.3,1,2,0,3.3,4
60,Centro-Oeste,55,341.01,3,16.72,4,3,3,49.54,1,0,7,4.9,4
36,Sul,92,282.15,4,26.43,1,10,2,40.96,1,0,10,4.3,4
67,Sudeste,119,149.3,1,63.46,4,3,3,36.7,1,2,7,2.4,4
36,Sul,2,74.93,3,13.8,3,14,3,49.3,2,2,10,1.4,4
37,Sul,106,1043.22,3,41.61,6,11,2,33.59,2,2,2,2.9,4
18,Nordeste,70,167.65,6,69.74,11,11,2,58.51,3,1,5,4.6,4
40,Sul,37,180.12,3,7.45,6,6,2,14.12,1,2,5,3.4,6
33,Nordeste,110,154.54,6,7.73,9,7,2,41.47,1,2,6,5.9,4
41,Nordeste,71,12.13,1,35.19,8,4,4,29.34,1,1,9,3.4,4
37,Centro-Oeste,18,483.13,5,40.22,7,2,3,38.02,3,2,0,3.8,5
32,Nordeste,103,398.44,4,27.76,7,7,2,55.79,2,1,8,3.2,5
41,Sudeste,116,233.15,6,12.3,5,2,4,37.59,2,1,0,4.5,4
54,Sudeste,67,83.33,2,3.26,4,11,0,49.72,3,0,9,6.5,0
58,Nordeste,83,705.92,3,5.62,7,4,1,45.41,1,2,3,4.7,4
50,Norte,49,393.82,4,79.57,4,11,3,53.5,3,3,2,0.0,7
49,Nordeste,119,689.0,4,34.24,3,14,2,28.21,1,3,3,1.4,7
48,Norte,95,318.3,4,12.38,10,9,2,43.2,1,2,2,5.1,5
32,Sul,9,831.15,1,101.46,4,9,2,33.09,2,2,5,4.4,4
18,Norte,23,232.63,6,6.27,2,3,3,52.6,1,3,4,2.4,6
66,Sudeste,81,102.64,3,11.84,7,5,1,44.54,1,1,7,9.6,4
29,Sudeste,14,504.09,1,63.97,7,3,1,38.05,1,2,10,7.9,5
52,Nordeste,30,929.76,2,23.52,7,11,3,45.39,2,0,2,7.6,1
54,Norte,112,1247.83,2,5.25,4,13,0,32.55,2,1,4,8.1,1
65,Nordeste,4,346.29,2,11.51,11,14,2,45.52,1,1,3,4.1,4
47,Nordeste,83,368.7,3,3.08,11,8,2,35.53,3,3,10,4.3,6
43,Nordeste,19,1197.2,5,36.42,10,2,3,31.84,2,4,1,3.9,7
28,Nordeste,95,124.4,6,32.2,4,12,2,48.38,2,1,0,6.1,4
49,Sudeste,103,623.62,2,57.31,1,13,5,49.87,3,2,10,0.0,6
19,Sul,83,122.65,3,13.89,4,2,2,29.02,2,2,7,4.9,7
27,Sudeste,57,545.64,6,23.29,6,7,1,51.79,3,1,8,7.9,4
63,Sudeste,79,908.95,4,43.43,4,12,0,28.28,1,0,5,9.0,2
39,Sudeste,81,272.0,5,40.33,6,8,1,48.07,1,2,5,4.3,5
26,Centro-Oeste,109,482.26,1,83.68,8,5,3,44.14,2,1,1,3.8,3
47,Nordeste,16,302.88,4,72.49,5,2,6,39.62,3,1,6,0.0,3
42,Nordeste,110,229.98,5,0.38,8,6,3,61.4,1,4,5,0.0,6
38,Centro-Oeste,101,592.09,1,69.36,1,6,1,38.76,3,3,11,1.6,5
35,Sul,78,459.2,5,14.92,6,6,5,49.8,2,1,2,1.8,4
37,Sudeste,4,216.05,2,8.62,1,9,3,47.71,2,1,4,4.0,4
68,Norte,18,78.13,1,60.98,7,7,3,22.33,2,3,7,3.6,5
57,Nordeste,17,314.17,6,121.0,3,8,7,44.65,1,1,1,0.0,4
33,Norte,32,337.35,4,4.36,8,7,1,54.48,1,1,11,5.5,4
66,Sudeste,70,222.66,5,90.42,7,12,1,45.86,2,1,1,9.9,4
56,Norte,53,591.02,3,15.3,6,9,1,54.38,1,1,9,6.4,4
52,Nordeste,5,243.15,4,14.69,9,3,3,49.71,2,1,1,3.8,4
46,Sudeste,40,296.12,5,35.36,9,6,2,37.51,3,1,7,6.7,3
63,Nordeste,69,574.37,6,0.58,9,10,2,40.74,3,1,9,4.4,4
47,Sudeste,85,252.69,1,8.74,5,4,2,30.52,3,0,11,3.5,3
69,Sudeste,76,97.74,5,115.67,11,8,1,42.13,1,0,3,8.0,3
65,Sul,91,157.35,4,49.86,6,14,0,72.45,3,1,7,8.9,1
20,Sudeste,97,225.35,6,39.43,3,10,1,20.51,1,0,0,8.4,2
49,Sul,80,886.39,6,47.78,4,3,1,13.6,1,0,6,7.5,2
31,Sudeste,91,1080.61,2,33.49,5,5,1,50.62,2,1,7,3.1,4
43,Nordeste,74,453.38,3,4.43,11,3,1,34.97,2,0,0,8.3,1
22,Centro-Oeste,56,511.03,3,23.63,6,5,1,17.24,1,4,7,2.2,7
45,Sudeste,15,174.88,3,15.02,9,10,8,40.97,1,2,8,0.0,5
25,Sul,8,715.9,2,10.06,9,7,2,25.35,3,3,6,3.1,6
62,Nordeste,7,323.25,3,12.78,4,12,4,47.3,2,3,8,0.0,8
65,Sudeste,27,685.24,6,2.54,7,6,3,18.14,3,1,1,2.9,3
50,Centro-Oeste,87,742.01,2,140.46,5,2,1,28.15,1,1,10,3.5,3
53,Sudeste,87,342.28,6,35.49,5,11,1,32.54,1,3,0,3.5,6
30,Centro-Oeste,73,725.38,1,47.8,7,6,5,40.9,1,0,2,1.7,2
37,Nordeste,21,401.34,3,18.68,4,12,3,51.28,3,1,0,6.0,5
35,Sudeste,88,262.83,1,23.37,10,12,2,56.27,1,2,6,3.6,4
68,Centro-Oeste,82,787.5,2,10.43,2,3,1,47.18,2,1,7,5.6,4
67,Norte,82,306.06,2,71.6,2,9,4,13.5,3,0,5,4.9,2
37,Sudeste,113,310.47,6,20.03,5,12,2,32.04,1,2,3,2.5,5
60,Sudeste,63,51.73,3,8.82,4,8,3,38.05,1,3,0,0.1,7
50,Centro-Oeste,56,237.94,4,17.96,6,4,1,43.92,1,0,10,7.9,2
38,Centro-Oeste,70,449.7,1,62.82,4,10,4,27.9,3,4,9,0.5,8
63,Nordeste,84,441.76,6,20.35,4,6,2,19.05,3,0,8,5.6,3
41,Centro-Oeste,43,51.75,6,36.92,2,13,2,47.69,2,2,0,4.7,6
45,Norte,103,170.11,2,0.79,7,2,0,58.81,1,1,8,6.5,3
22,Norte,8,382.37,4,86.84,10,14,6,46.75,3,0,5,1.9,3
47,Nordeste,106,196.19,2,8.38,2,12,0,32.48,1,1,8,8.0,4
60,Nordeste,6,248.21,4,8.05,6,8,3,45.04,1,1,3,4.6,3
41,Centro-Oeste,70,335.79,4,24.22,6,12,2,49.03,1,4,9,0.0,9
56,Nordeste,71,1176.27,3,103.23,6,4,3,25.84,1,0,9,3.4,2
31,Norte,11,403.97,4,17.8,9,8,3,42.82,1,3,11,1.5,7
53,Centro-Oeste,48,779.36,5,7.46,11,12,3,24.07,2,0,5,3.5,2
53,Sul,117,574.41,5,60.26,3,8,1,32.03,1,2,2,9.3,3
43,Norte,26,1014.85,3,38.77,10,14,3,31.75,3,0,9,4.7,3
30,Sudeste,84,265.06,5,29.19,2,13,3,34.42,1,0,3,3.8,2
57,Norte,24,96.86,2,16.05,2,10,1,7.14,1,0,3,8.7,2
38,Nordeste,72,213.31,4,45.78,4,3,3,51.85,2,2,0,3.6,4
43,Centro-Oeste,61,258.17,3,3.17,4,6,0,42.37,2,1,11,6.9,1
51,Norte,32,830.6,1,4.35,10,10,1,38.1,2,0,7,4.9,3
57,Sudeste,63,1153.7,4,5.89,7,8,4,39.96,2,3,6,0.6,5
31,Nordeste,9,208.58,2,46.14,11,4,1,47.53,1,1,3,5.3,4
38,Sudeste,60,623.26,3,22.28,9,14,2,58.16,2,1,6,4.4,4
60,Nordeste,23,163.57,1,54.73,2,2,1,38.28,3,2,0,7.6,3
66,Sudeste,77,978.28,2,2.27,1,4,3,31.69,1,0,1,8.1,3
64,Sudeste,69,479.42,2,12.72,1,10,3,43.38,3,3,10,1.8,6
67,Sul,78,484.34,1,25.45,4,6,1,36.47,3,2,2,6.4,3
36,Norte,117,631.64,1,14.7,2,11,0,45.79,2,1,3,5.5,4
29,Sudeste,45,167.31,1,23.04,10,5,2,46.22,1,2,11,2.9,4
53,Norte,114,410.4,2,22.5,6,9,1,47.41,1,3,8,0.9,6
47,Centro-Oeste,24,222.64,6,71.07,6,14,1,37.11,3,2,8,2.7,4
61,Sudeste,66,516.25,5,2.78,2,14,2,46.83,3,0,6,8.2,1
50,Sudeste,3,818.05,2,31.12,1,11,5,39.17,3,3,4,1.2,7
61,Centro-Oeste,112,449.69,1,22.72,4,12,4,31.52,1,0,0,2.2,2
40,Norte,61,308.68,5,20.69,1,8,0,36.98,2,0,4,4.1,1
58,Norte,106,198.12,6,28.95,2,14,3,55.7,1,2,9,4.2,8
30,Norte,13,228.76,3,26.71,7,5,0,44.83,2,1,6,4.1,2
45,Sudeste,112,300.88,2,28.88,11,7,4,39.72,2,1,0,4.7,3
45,Nordeste,15,819.32,5,26.25,6,5,1,42.99,1,4,3,5.6,7
36,Sul,53,443.59,1,26.75,2,6,2,38.58,1,1,0,4.3,3
54,Sul,97,676.14,1,2.96,1,6,4,32.27,3,0,1,1.8,2
48,Sul,71,319.82,3,0.1,2,8,7,27.94,1,1,0,0.0,3
67,Sudeste,43,1048.14,4,5.75,6,10,4,42.07,1,1,7,0.9,3
59,Centro-Oeste,117,155.44,5,39.09,11,3,5,43.63,3,0,5,1.9,4
56,Sudeste,15,237.82,1,44.05,3,8,4,47.95,2,0,5,2.4,3
34,Sul,11,269.15,4,78.77,2,10,2,49.66,2,1,10,8.8,2
45,Sudeste,95,133.27,1,59.37,10,8,4,25.78,3,4,3,0.0,8
21,Norte,67,577.2,2,52.92,4,4,3,32.63,3,2,10,2.3,6
23,Centro-Oeste,11,170.66,1,43.83,7,5,4,36.63,2,3,5,0.0,5
36,Centro-Oeste,3,96.22,3,40.83,3,10,0,24.75,3,0,7,9.1,1
40,Nordeste,90,445.11,4,67.03,8,8,1,27.71,3,0,7,3.0,2
57,Norte,15,518.25,2,30.71,10,12,2,20.98,1,0,6,5.5,4
62,Sul,94,87.73,2,61.55,8,13,1,23.42,1,2,3,0.0,5
59,Nordeste,35,23.06,6,52.52,9,6,2,16.46,1,3,5,6.2,5
23,Sudeste,30,440.54,2,20.05,11,4,3,37.59,3,1,7,0.1,3
41,Nordeste,65,617.05,5,45.43,11,13,1,37.72,1,4,3,5.1,7
39,Sul,55,211.59,2,40.16,5,4,3,24.0,1,2,0,4.9,6
38,Sul,58,224.41,2,23.93,10,3,2,36.12,2,3,0,3.1,5
31,Centro-Oeste,24,239.0,2,16.32,2,14,3,22.79,1,1,6,1.1,4
41,Centro-Oeste,53,681.24,3,36.6,9,4,2,49.72,2,0,9,6.3,2
42,Norte,11,306.18,2,14.2,8,12,3,34.77,3,0,7,6.5,2
34,Norte,8,75.6,1,72.81,8,8,1,37.31,1,0,4,6.0,1
68,Nordeste,41,1292.5,3,86.22,5,12,0,30.42,3,1,8,4.2,2
63,Norte,9,178.49,4,113.62,1,8,2,39.05,1,2,8,1.5,7
52,Centro-Oeste,96,626.91,5,82.54,1,12,2,55.81,2,3,7,2.4,6
34,Norte,39,200.12,5,3.02,4,10,1,56.3,3,1,4,4.7,3
45,Norte,49,179.06,5,6.13,6,8,3,47.87,2,1,7,0.0,7
19,Centro-Oeste,53,252.46,5,5.47,11,13,2,59.95,3,1,4,4.5,4
51,Norte,115,825.72,1,62.9,8,12,3,35.74,2,1,7,0.0,3
18,Sudeste,61,1000.58,6,40.24,4,10,1,36.9,1,2,8,4.4,6
64,Centro-Oeste,79,717.07,4,64.48,10,4,1,31.94,2,2,4,5.5,5
20,Sudeste,3,80.05,5,25.79,9,2,4,36.66,3,1,8,1.8,5
39,Centro-Oeste,12,499.44,2,14.15,11,2,1,30.66,1,1,5,7.8,4
59,Sudeste,80,155.11,5,20.98,2,6,3,24.02,2,0,5,6.9,2
21,Nordeste,4,63.84,5,9.2,1,9,3,50.19,3,1,3,2.8,6
32,Centro-Oeste,104,347.61,5,4.42,2,2,4,23.83,1,2,3,4.2,7
53,Norte,37,460.87,1,4.18,7,10,3,28.28,3,0,7,4.3,3
56,Sul,31,688.36,5,77.19,5,4,2,42.26,1,0,10,5.6,2
29,Sudeste,101,116.95,4,51.35,8,6,0,36.4,3,2,0,7.2,5
54,Centro-Oeste,7,160.92,1,14.39,11,5,7,51.92,3,1,5,0.0,5
65,Sudeste,42,238.77,1,13.09,9,3,1,5.81,2,1,10,4.7,3
58,Nordeste,83,840.99,5,28.96,2,9,1,56.54,1,3,2,5.0,5
24,Sudeste,13,323.96,1,0.24,1,2,0,39.88,1,4,6,4.7,6
48,Nordeste,115,788.38,3,18.53,11,11,5,24.37,2,1,5,3.7,6
22,Nordeste,115,328.88,4,24.7,5,2,2,25.37,2,1,8,5.6,3
44,Norte,6,241.59,1,4.99,1,12,6,37.73,1,1,3,4.0,5
42,Sudeste,22,289.0,1,41.56,6,5,0,42.19,3,1,4,10.0,1
34,Sul,60,217.35,5,18.4,5,10,1,34.07,1,2,0,7.7,4
45,Centro-Oeste,96,421.83,3,75.88,8,9,0,65.26,3,4,5,4.9,6
44,Nordeste,59,142.73,2,8.91,6,7,2,40.64,1,0,7,4.0,4
43,Norte,34,665.48,3,44.01,2,3,4,36.6,1,2,4,0.0,4
66,Sudeste,26,250.64,6,1.21,10,2,1,28.02,3,2,4,3.1,6
46,Sul,51,140.63,6,10.15,2,8,0,19.05,2,4,10,4.2,6
44,Nordeste,81,692.01,5,6.74,3,14,5,35.11,1,0,6,2.1,3
34,Centro-Oeste,50,1102.87,6,4.42,11,10,3,30.47,2,0,7,4.9,2
55,Sudeste,74,717.06,5,26.17,8,9,3,61.2,1,0,7,6.9,3
33,Sudeste,43,424.42,1,0.17,2,4,2,28.23,2,0,9,5.1,3
26,Sudeste,36,261.2,2,77.81,6,7,2,32.74,1,2,0,7.8,5
49,Norte,26,395.12,6,133.66,8,5,0,40.72,2,0,8,8.3,0
18,Nordeste,13,533.08,2,16.95,3,3,2,44.3,2,1,6,5.3,3
26,Centro-Oeste,94,330.85,5,51.66,9,10,4,48.23,2,0,0,6.5,1
67,Centro-Oeste,14,496.05,1,1.38,2,3,2,37.12,1,2,4,2.0,4
24,Sul,11,1089.78,2,37.55,4,4,1,39.5,2,1,7,6.9,5
61,Norte,61,737.46,3,8.36,7,10,1,27.88,1,1,8,7.7,3
54,Norte,18,441.68,3,24.7,8,6,3,43.68,3,1,1,3.6,4
57,Sul,86,480.64,2,0.02,6,6,5,52.63,2,1,5,3.6,3
68,Nordeste,23,266.94,2,26.84,7,6,2,41.4,1,1,10,6.6,4
62,Norte,101,495.79,6,19.17,11,8,3,20.88,2,4,10,1.0,7
23,Norte,119,473.34,1,70.21,1,12,1,22.94,3,2,8,6.9,4
54,Sul,7,681.77,3,22.47,3,12,1,40.11,2,2,6,8.0,6
56,Sudeste,66,85.85,1,1.05,3,5,1,38.96,1,1,11,4.4,3
21,Sudeste,25,163.0,3,10.68,9,9,3,28.27,2,0,4,9.4,5
66,Centro-Oeste,103,772.48,2,19.49,5,10,3,38.28,3,3,9,0.3,5
54,Sul,88,531.07,6,13.17,5,5,4,31.21,3,1,10,2.9,4
27,Sudeste,107,386.97,3,0.41,9,13,2,49.52,1,1,7,3.2,3
27,Sudeste,85,1136.38,1,70.64,10,2,4,17.23,1,1,2,5.4,6
66,Sudeste,51,591.75,4,134.67,7,4,2,14.51,3,1,11,6.3,3
52,Norte,17,451.04,6,78.42,3,7,1,52.0,3,1,6,5.9,4
25,Centro-Oeste,51,758.04,2,11.11,9,11,4,49.94,2,2,11,1.4,4
40,Nordeste,24,268.99,5,6.54,9,13,4,14.45,3,0,8,2.0,3
66,Sul,23,526.92,4,1.39,10,2,2,41.45,3,1,6,0.0,4
69,Nordeste,99,232.1,4,47.45,7,6,2,43.75,3,1,1,1.7,3
24,Norte,22,491.63,5,55.02,3,10,3,21.79,1,1,4,6.6,3
19,Sudeste,116,342.67,5,81.52,4,10,3,43.57,2,2,8,3.4,5
55,Centro-Oeste,73,453.48,5,47.67,2,12,5,35.3,3,1,0,3.2,5
37,Nordeste,79,575.52,5,18.97,11,14,4,32.64,1,3,4,1.8,6
48,Nordeste,104,540.3,3,42.27,11,2,3,40.85,3,3,11,0.0,7
47,Norte,22,293.76,2,23.4,7,4,0,39.26,3,1,2,5.8,2
65,Sudeste,10,1089.9,2,9.48,2,14,1,29.37,2,5,5,1.1,7
42,Nordeste,107,695.91,3,56.14,2,9,5,52.95,2,0,10,1.9,5
27,Nordeste,48,112.19,1,119.93,3,5,2,18.1,2,1,6,8.5,2
34,Nordeste,62,271.43,2,24.94,6,7,1,36.41,1,2,3,3.1,4
26,Norte,114,450.74,1,9.09,3,5,2,51.34,1,1,0,6.1,5
60,Sul,69,508.46,2,9.85,7,9,3,43.86,3,2,6,4.2,5
49,Sudeste,10,129.61,4,2.72,1,12,2,47.23,1,3,2,3.0,7
41,Centro-Oeste,35,281.81,2,2.39,2,12,0,40.03,3,1,6,6.7,3
33,Norte,21,705.61,3,9.24,3,5,2,21.15,1,2,8,4.1,6
63,Norte,11,193.62,3,41.32,8,10,3,55.43,3,1,2,3.9,5
29,Nordeste,104,148.15,1,21.21,4,3,1,47.81,3,0,2,7.2,4
52,Sudeste,116,110.48,2,30.15,5,2,2,19.39,1,2,4,6.6,5
60,Centro-Oeste,3,81.77,2,30.91,10,9,2,41.66,3,2,9,4.2,4
64,Sudeste,87,736.79,3,29.54,2,12,2,19.19,2,0,0,9.0,1
63,Norte,114,491.93,4,39.3,1,11,0,30.19,3,3,11,3.7,4
34,Norte,109,153.14,5,14.99,1,12,1,12.87,1,3,2,1.1,6
46,Sudeste,50,805.66,1,8.06,1,6,2,42.07,3,4,11,5.3,7
53,Norte,103,839.25,2,56.7,1,3,4,31.87,1,2,11,1.6,4
52,Sul,91,463.66,4,22.48,5,4,0,50.04,1,3,7,4.9,4
21,Nordeste,87,92.04,5,79.35,1,7,3,10.23,1,4,11,2.6,7
24,Sudeste,118,1110.66,5,20.14,9,6,2,31.05,3,0,5,6.0,2
36,Norte,50,625.97,5,64.98,8,9,1,40.12,2,1,11,2.6,3
64,Sudeste,43,178.47,3,26.01,6,3,0,34.23,3,3,7,6.2,4
45,Norte,9,220.56,4,21.78,2,2,2,42.22,2,0,3,5.1,2
58,Centro-Oeste,4,490.48,5,37.29,6,14,2,20.27,3,4,7,1.1,8
39,Nordeste,111,491.87,3,34.41,5,11,3,27.47,2,0,6,0.4,3
38,Sudeste,9,767.45,1,18.13,1,12,3,11.67,1,4,4,2.5,8
22,Sudeste,73,115.89,4,14.7,3,4,0,40.09,3,3,3,4.0,4
62,Sudeste,78,619.85,6,14.22,9,5,3,72.67,3,3,10,3.6,7
66,Sudeste,78,346.65,5,50.02,10,10,2,59.57,2,0,4,6.5,2
49,Centro-Oeste,46,121.59,2,6.08,8,13,2,42.14,3,0,1,7.5,3
18,Norte,107,394.49,3,36.81,2,7,2,28.61,3,1,3,7.3,3
37,Sudeste,103,281.2,1,4.7,10,13,4,30.55,3,1,7,3.5,3
45,Sul,27,700.58,6,57.29,1,13,0,6.77,3,1,2,9.8,2
61,Sudeste,55,816.09,3,14.98,11,3,3,49.61,2,3,5,2.5,5
65,Sul,83,397.15,5,6.08,11,7,1,39.49,2,0,5,8.6,2
54,Sul,95,381.97,1,55.39,9,6,1,50.44,1,0,5,5.5,4
29,Norte,110,410.46,2,7.89,11,7,1,56.66,2,2,8,5.0,4
35,Sudeste,2,288.05,4,6.01,2,3,2,51.08,2,3,4,1.5,6
62,Nordeste,8,866.54,5,67.55,1,13,2,42.33,2,2,0,6.3,4
68,Norte,70,161.54,5,3.28,2,11,3,52.24,2,3,3,0.5,7
67,Centro-Oeste,50,288.97,1,0.56,5,6,1,34.25,3,0,6,4.0,3
22,Sul,103,72.67,3,20.24,5,2,2,43.21,2,3,0,4.5,7
48,Sudeste,77,297.59,6,18.86,9,14,3,33.46,2,1,5,5.7,3
19,Sul,20,357.92,6,0.24,10,10,2,45.67,3,1,11,6.8,4
62,Nordeste,27,122.62,4,13.34,6,7,3,38.98,1,0,11,1.1,2
26,Centro-Oeste,117,649.44,3,4.71,7,2,2,42.08,1,1,11,5.3,3
19,Sudeste,44,608.86,5,31.55,10,5,4,25.96,2,1,10,2.9,3
35,Sudeste,11,100.27,5,48.12,9,11,6,38.87,1,2,6,0.0,4
52,Nordeste,83,1474.92,6,25.22,8,8,1,41.48,2,1,11,6.6,2
61,Sul,66,225.29,6,24.51,2,5,0,40.58,2,0,0,9.4,2
42,Sudeste,1,698.97,4,77.98,9,13,0,41.1,2,1,11,4.0,2
33,Norte,71,471.22,2,52.51,4,11,1,31.94,3,0,1,2.9,2
58,Sul,45,575.72,4,104.89,3,14,0,37.47,3,2,11,7.0,2
61,Norte,23,334.37,1,39.93,2,4,2,10.0,2,0,8,3.2,2
63,Centro-Oeste,102,147.8,6,12.51,3,13,3,26.47,1,0,7,2.1,3
37,Centro-Oeste,21,465.89,5,52.43,6,6,1,41.31,2,0,0,7.7,4
21,Sul,118,662.69,4,42.11,7,12,3,42.97,2,0,3,5.0,2
49,Sul,31,623.73,4,45.52,8,6,4,42.97,2,1,10,6.1,4
69,Norte,24,168.78,5,38.13,10,8,1,58.82,2,0,11,7.6,2
37,Norte,114,168.86,1,49.22,1,4,1,62.68,2,3,11,4.5,5
56,Norte,24,789.15,6,7.97,11,12,2,38.52,3,2,4,4.4,4
32,Norte,20,168.52,3,2.9,2,7,0,35.22,2,3,11,3.5,4
35,Centro-Oeste,102,129.35,3,31.88,7,13,1,52.4,2,0,4,3.4,4
24,Nordeste,33,267.53,1,25.33,3,5,1,44.47,1,0,11,5.3,2
20,Centro-Oeste,15,529.48,4,19.48,5,8,3,44.32,1,1,4,3.1,7
25,Sudeste,77,342.43,3,29.84,10,10,0,30.85,1,2,10,4.2,4
46,Centro-Oeste,115,770.46,6,38.04,8,8,2,32.27,2,1,8,6.4,4
25,Centro-Oeste,42,161.36,4,17.76,3,7,3,34.63,2,3,6,6.0,4
18,Centro-Oeste,24,633.66,1,37.91,11,12,3,49.09,3,3,0,1.4,6
60,Centro-Oeste,66,457.41,2,13.06,1,12,1,43.19,1,0,5,7.3,3
38,Sul,116,115.53,6,0.75,11,11,2,23.55,2,0,11,1.9,4
56,Centro-Oeste,46,104.07,2,17.14,3,4,3,24.67,3,0,8,2.4,3
62,Sudeste,80,489.05,4,89.59,2,14,1,49.71,3,2,2,5.3,5
19,Sul,7,480.57,4,1.41,9,9,2,24.39,2,0,10,6.3,3
51,Sul,108,142.86,3,28.3,4,13,0,58.16,1,2,3,3.3,4
38,Sul,117,184.42,2,21.94,5,7,2,43.18,3,1,1,5.7,5
65,Sudeste,81,212.06,2,20.22,4,14,1,23.25,2,1,6,6.7,2
50,Sul,8,124.93,3,26.82,6,5,5,60.23,1,2,2,0.2,5
56,Centro-Oeste,1,465.65,4,20.19,6,14,1,33.41,2,2,2,5.5,4
57,Nordeste,98,378.26,2,22.81,6,3,4,44.84,2,1,11,0.0,3
24,Sudeste,1,539.02,6,16.34,1,14,2,44.91,1,1,9,4.6,4
32,Centro-Oeste,90,357.3,3,3.7,10,9,4,42.53,1,0,3,2.4,3
26,Norte,114,289.45,3,7.09,5,6,2,35.55,3,1,3,1.6,4
47,Sul,106,680.72,5,21.68,7,4,2,43.0,1,2,3,1.5,4
61,Nordeste,84,83.92,4,14.2,8,4,4,40.02,2,1,11,0.8,5
68,Norte,88,134.8,3,19.03,3,6,1,51.21,1,0,3,8.4,1
34,Norte,18,256.38,4,22.47,6,10,2,3.55,1,2,10,4.7,4
55,Norte,4,714.48,4,29.19,1,7,1,70.64,2,1,0,7.6,3
58,Norte,107,426.27,5,2.55,7,11,3,54.33,3,4,10,0.0,8
56,Norte,111,421.79,5,23.64,3,3,1,26.52,3,1,6,2.6,4
65,Norte,82,534.72,3,7.53,5,5,1,54.62,2,1,7,10.0,2
38,Norte,47,446.76,4,11.34,5,11,3,58.5,2,3,1,0.0,8
20,Sul,118,96.7,6,51.72,4,6,2,32.6,3,3,4,1.9,7
54,Nordeste,109,694.73,2,6.08,10,9,4,40.84,3,3,8,4.2,7
34,Norte,66,407.43,3,3.62,4,2,2,46.36,1,5,9,0.4,7
34,Norte,95,172.0,4,14.71,10,2,4,24.84,2,2,4,3.7,4
28,Sul,82,289.1,1,36.66,6,6,2,37.6,2,1,2,6.8,3
27,Sul,17,194.67,6,10.81,3,9,1,19.84,2,0,8,7.5,4
18,Sul,50,309.37,2,40.6,10,8,1,52.17,3,3,2,10.0,4
27,Norte,62,1103.63,6,0.88,10,7,2,59.33,1,2,8,3.7,4
42,Nordeste,27,675.26,6,28.5,2,7,1,24.72,3,1,2,7.7,4
33,Sul,30,282.37,3,19.22,8,11,1,45.1,1,3,7,8.1,7
55,Nordeste,12,92.68,6,40.41,9,13,3,27.73,1,2,1,0.0,6
49,Sul,53,1009.83,3,8.92,5,4,2,55.15,3,0,7,7.3,1
69,Sudeste,73,483.66,2,20.82,10,3,3,39.08,3,1,7,2.1,5
42,Nordeste,48,1169.02,5,0.13,1,13,3,54.99,1,2,10,2.5,4
30,Norte,13,572.35,2,34.02,9,7,4,26.96,2,1,7,0.6,3
60,Sul,108,147.51,3,15.49,2,11,4,55.97,2,1,3,1.8,4
33,Sudeste,58,274.14,5,12.82,4,14,2,40.75,1,0,2,6.4,3
67,Sul,6,752.2,2,86.4,5,13,4,37.27,1,2,1,4.5,4
58,Centro-Oeste,86,1276.13,4,87.36,8,3,3,21.05,2,5,10,0.0,8
37,Sudeste,61,141.37,5,48.13,11,11,0,30.74,2,0,2,8.7,0
45,Sudeste,65,378.77,6,50.4,2,9,4,24.48,2,1,10,1.2,5
25,Sudeste,22,549.08,1,27.15,7,13,1,13.41,2,3,9,6.6,5
48,Centro-Oeste,113,592.69,4,38.79,9,4,0,37.25,2,1,2,5.5,3
45,Sudeste,60,269.19,6,75.68,6,13,2,25.43,3,2,6,5.1,6
46,Sul,75,319.81,4,23.55,2,5,3,37.66,1,2,2,4.7,4
59,Centro-Oeste,59,191.56,1,2.93,3,9,3,40.13,2,2,9,0.7,8
51,Sul,117,274.65,3,15.97,1,6,3,39.41,1,0,5,5.3,3
54,Centro-Oeste,65,600.72,3,11.79,11,11,1,48.42,1,4,9,3.4,6
59,Sudeste,9,126.96,5,9.42,5,2,2,36.17,2,1,4,1.9,6
37,Centro-Oeste,41,58.54,4,18.08,9,14,3,59.89,2,1,11,1.2,3
22,Norte,84,617.18,1,4.37,5,6,4,31.01,3,0,9,4.5,3
44,Sudeste,113,537.11,2,7.91,8,12,2,48.0,3,0,4,6.0,1
54,Sudeste,50,402.0,5,2.08,1,12,1,22.27,1,2,10,3.4,5
54,Sul,77,247.08,6,6.83,3,12,3,50.98,1,0,9,5.8,2
48,Norte,74,315.47,5,11.57,6,5,4,15.39,1,2,3,0.0,8
50,Nordeste,108,45.74,6,22.62,8,9,0,34.54,2,0,3,8.7,1
65,Sudeste,113,283.62,6,133.64,8,4,1,28.63,1,2,11,5.5,5
49,Sudeste,8,350.65,4,29.65,9,14,1,42.95,3,4,8,2.7,6
34,Norte,114,782.53,1,39.61,10,12,4,38.27,1,1,10,3.2,3
60,Nordeste,41,484.08,3,13.24,11,11,5,28.93,1,0,0,0.7,2
40,Nordeste,88,526.18,6,19.12,2,9,2,46.66,3,1,3,6.1,3
65,Sudeste,60,761.74,3,75.54,3,11,1,47.38,2,3,9,2.1,6
62,Centro-Oeste,117,1360.73,1,7.89,11,10,1,27.89,3,1,8,6.2,2
58,Centro-Oeste,33,125.78,6,42.94,11,7,1,43.77,1,1,6,4.7,4
54,Sul,103,238.92,4,28.67,6,9,3,40.98,3,1,11,2.5,3
34,Sul,88,657.32,2,8.93,8,8,1,48.25,3,1,1,4.5,3
65,Norte,104,235.09,3,0.25,3,10,2,40.49,2,0,8,4.8,4
35,Centro-Oeste,84,155.1,5,27.87,6,11,3,35.1,1,3,5,0.0,5
31,Sul,108,544.72,4,13.02,3,12,4,40.15,3,1,0,5.3,3
33,Sudeste,8,400.55,6,57.85,7,14,1,28.47,3,0,1,9.1,2
41,Nordeste,46,860.86,6,41.13,5,3,1,16.81,1,0,7,7.4,2
56,Sudeste,57,573.51,4,5.3,1,13,3,25.77,1,0,1,6.6,2
20,Nordeste,95,528.58,5,64.36,8,12,1,45.03,1,0,4,6.6,2
30,Sul,119,453.92,6,7.3,1,5,1,8.82,3,2,1,5.5,4
56,Norte,59,349.58,4,55.15,4,7,0,11.21,3,2,5,4.2,3
38,Norte,12,347.19,3,22.72,8,5,4,40.81,1,1,10,0.2,3
36,Nordeste,49,665.28,2,2.1,3,11,3,28.25,1,1,3,2.6,5
33,Sul,63,245.88,5,19.49,5,8,0,50.74,2,2,11,4.7,3
45,Nordeste,118,204.15,2,23.56,5,13,4,25.72,3,0,8,2.6,3
22,Sudeste,47,316.46,4,1.07,5,5,1,40.61,3,2,1,2.8,5
25,Norte,12,231.77,6,12.91,2,7,3,55.79,3,1,10,4.8,5
32,Sul,19,810.51,3,22.57,9,9,1,50.4,3,2,3,3.9,8
26,Sudeste,104,455.29,6,3.5,6,6,1,41.01,3,2,4,5.9,4
35,Nordeste,50,264.52,6,7.37,6,13,3,40.89,3,1,2,5.8,5
37,Norte,22,190.65,1,26.6,10,2,0,29.47,2,1,5,9.4,3
53,Sul,32,163.46,4,0.72,8,12,3,47.89,3,2,10,5.3,5
62,Sudeste,29,791.34,1,11.14,6,8,3,34.48,3,0,0,6.5,3
61,Nordeste,77,548.28,4,6.97,8,10,4,23.73,2,0,9,1.6,5
43,Norte,88,903.68,5,0.12,11,9,3,30.17,2,3,7,1.5,7
19,Centro-Oeste,95,58.63,2,2.52,3,2,1,35.3,2,2,1,6.5,3
55,Sudeste,93,220.2,5,10.85,10,10,2,30.35,2,1,0,9.3,3
23,Centro-Oeste,7,129.37,3,15.75,10,13,1,27.37,3,2,9,5.6,5
20,Norte,62,589.07,3,66.27,6,5,1,39.73,1,3,4,5.8,7
38,Norte,11,114.59,2,1.45,11,12,0,38.63,2,0,4,6.8,0
40,Norte,86,172.68,1,39.48,2,10,1,29.51,1,2,6,5.1,6
43,Sudeste,70,370.23,5,7.61,8,14,1,40.56,1,4,11,1.9,6
66,Norte,101,124.16,4,63.86,5,14,3,28.93,1,2,2,1.8,5
39,Sul,73,256.69,5,41.81,11,3,3,27.06,2,0,5,3.6,3
37,Norte,48,240.5,2,11.92,4,3,1,61.87,2,3,8,3.1,8
62,Sul,49,37.17,5,52.52,6,9,3,26.22,1,1,8,4.3,3
47,Centro-Oeste,15,421.96,5,119.39,1,4,1,59.63,1,0,2,0.4,2
49,Sul,111,652.4,6,12.79,8,3,5,38.21,1,1,8,0.2,5
65,Nordeste,46,87.36,5,1.62,8,14,1,35.57,2,1,6,6.2,5
19,Norte,43,97.04,4,2.59,2,12,2,43.71,2,0,2,6.9,1
65,Nordeste,6,348.48,3,123.3,6,14,2,46.72,3,1,7,7.0,2
57,Sul,79,411.73,5,25.22,1,3,2,32.77,2,0,5,5.7,4
56,Nordeste,110,502.7,3,28.15,4,5,2,22.31,3,2,8,3.1,7
55,Nordeste,98,1172.8,6,21.18,4,9,1,45.23,1,0,10,5.0,3
47,Sudeste,45,361.89,4,114.81,5,9,5,51.73,2,0,1,3.7,3
49,Sudeste,88,273.76,5,37.31,6,9,2,32.09,3,2,8,2.1,4
44,Sul,29,397.87,4,16.18,1,6,3,34.26,2,1,3,2.3,5
29,Sul,111,247.62,5,12.71,7,8,0,31.22,2,1,1,8.0,1
63,Norte,34,351.85,4,93.53,9,8,0,26.69,3,1,10,10.0,2
40,Centro-Oeste,70,519.32,5,14.47,1,9,2,15.42,3,0,6,5.3,3
32,Sul,43,308.77,2,6.1,7,14,3,42.5,2,0,5,4.8,4
52,Nordeste,116,148.25,5,37.57,8,3,1,29.75,2,2,1,7.0,7
58,Sul,81,154.68,5,66.43,7,12,4,29.59,1,1,1,3.0,4
67,Norte,41,419.18,4,69.44,5,2,0,27.62,3,1,3,9.6,4
60,Nordeste,32,208.34,1,21.13,10,7,2,37.02,2,2,3,6.0,4
20,Nordeste,32,424.14,3,0.42,3,2,5,26.43,3,2,0,1.4,4
32,Nordeste,12,234.09,3,4.68,10,6,5,56.03,3,1,6,0.0,3
22,Sul,46,192.35,1,49.56,9,3,1,60.51,1,1,7,7.7,2
45,Sul,25,131.18,3,13.45,8,11,2,24.86,2,2,4,1.6,4
57,Norte,32,340.1,3,55.26,3,4,3,51.14,1,0,10,4.7,2
27,Sudeste,16,281.76,4,33.18,11,12,2,19.95,2,3,1,1.8,6
63,Centro-Oeste,118,403.59,1,28.73,11,2,2,46.69,3,0,9,4.5,2
39,Norte,16,1296.25,2,3.05,9,5,4,49.71,1,4,3,0.0,7
20,Centro-Oeste,59,159.86,5,18.96,3,3,4,23.9,3,1,11,0.9,4
67,Nordeste,16,727.45,2,10.69,7,10,2,34.21,2,2,7,6.6,4
56,Norte,94,467.89,3,26.48,2,8,3,46.27,2,0,1,3.0,3
55,Sudeste,38,90.36,6,19.93,11,14,3,35.35,2,3,5,2.1,6
53,Sul,35,614.47,4,24.45,2,5,2,33.83,1,1,4,6.1,2
61,Nordeste,21,247.93,3,13.55,3,4,2,46.58,1,2,4,3.5,5
19,Centro-Oeste,61,552.92,5,22.51,3,4,1,43.12,3,4,7,4.6,6
42,Nordeste,32,427.42,4,14.98,8,6,2,27.84,1,3,7,3.4,5
55,Nordeste,33,402.01,4,40.75,1,3,0,21.99,3,2,4,7.9,3
47,Norte,49,241.91,4,2.61,3,12,1,44.05,1,2,6,5.0,5
23,Sul,35,542.55,3,93.08,9,11,2,29.2,3,2,0,6.2,6
32,Norte,55,514.86,1,12.99,7,5,1,32.46,1,2,4,6.6,5
38,Sul,110,568.47,4,52.27,6,5,0,32.77,1,0,8,6.0,0
37,Norte,23,662.34,4,33.55,6,7,4,32.87,1,3,8,2.5,5
30,Sul,42,386.9,6,8.84,1,3,2,33.7,1,2,9,8.0,4
28,Sudeste,52,290.3,1,10.93,10,10,3,45.93,2,2,7,4.9,7
21,Sul,11,469.05,1,15.06,2,4,1,55.83,1,1,0,8.1,3
51,Sudeste,118,264.11,2,32.84,8,2,1,57.2,2,0,0,10.0,3
31,Norte,102,140.0,4,26.97,4,3,2,34.58,1,2,1,2.9,6
55,Sul,2,792.28,4,41.14,4,8,0,50.3,3,2,2,9.2,3
29,Sudeste,74,281.99,3,75.82,1,7,5,43.62,3,0,2,2.2,2
31,Centro-Oeste,113,73.61,4,29.85,3,3,3,43.21,3,1,2,0.0,3
31,Sudeste,29,146.7,1,11.31,11,11,0,42.13,3,3,5,7.2,3
42,Sudeste,119,487.05,1,2.02,6,3,6,33.21,3,2,9,1.2,6
36,Norte,66,308.59,6,13.33,5,5,5,41.98,3,0,7,4.6,4
35,Nordeste,65,295.55,5,12.3,2,9,0,32.61,3,1,4,10.0,1
66,Sudeste,40,606.22,5,13.73,3,6,2,33.7,3,0,8,4.9,2
29,Sul,110,106.3,5,3.06,7,7,3,41.63,3,4,9,1.7,6
20,Norte,59,447.27,1,29.75,8,8,2,21.89,1,2,1,7.7,4
54,Sul,37,85.19,2,8.23,1,9,4,43.76,3,0,0,4.8,3
26,Sudeste,5,1002.8,4,57.79,7,7,0,42.37,3,2,2,8.7,2
46,Norte,72,287.21,3,17.12,7,12,1,32.45,1,1,3,6.4,2
45,Nordeste,108,600.7,3,92.51,5,5,3,37.42,3,2,9,2.7,7
39,Nordeste,113,267.81,1,50.89,7,5,3,41.14,3,1,11,2.1,3
18,Sul,2,436.62,4,5.01,11,10,0,21.75,2,0,7,7.0,0
29,Norte,118,433.61,4,17.2,11,11,6,45.03,2,0,4,1.6,4
21,Sul,32,463.01,2,19.37,3,14,3,46.85,1,1,4,5.5,5
41,Nordeste,43,586.65,4,45.95,4,11,2,33.25,3,1,2,4.8,6
20,Sul,64,1308.05,6,12.29,3,9,1,34.8,2,2,3,7.5,5
23,Centro-Oeste,6,698.12,6,4.94,8,14,4,23.75,2,0,0,3.8,3
18,Sudeste,49,183.95,6,4.3,9,8,1,28.03,2,0,9,3.3,4
34,Nordeste,23,413.3,5,9.08,7,4,3,31.71,2,1,5,5.3,3
20,Centro-Oeste,9,106.28,6,9.72,4,3,6,46.73,1,1,7,0.3,5
68,Nordeste,1,762.89,4,104.76,4,12,1,48.96,2,2,10,3.0,5
20,Sudeste,23,372.78,4,5.37,3,11,3,32.85,2,2,3,5.0,6
26,Nordeste,54,443.04,1,4.09,1,3,3,42.22,3,1,2,2.7,4
35,Nordeste,35,675.9,5,66.49,10,12,4,57.54,2,3,4,0.0,6
50,Norte,27,452.2,1,7.46,11,3,3,26.1,2,2,0,2.8,6
60,Centro-Oeste,47,1842.3,1,6.68,2,14,4,23.56,3,5,9,0.0,7
43,Sul,3,499.62,1,43.79,4,3,5,47.72,1,1,5,2.2,3
39,Nordeste,92,280.49,4,53.47,11,5,1,19.68,2,1,11,4.7,5
18,Sudeste,102,62.54,4,43.26,7,6,2,17.98,3,2,7,2.4,5
36,Nordeste,14,492.2,2,23.28,11,5,1,42.8,1,1,9,6.3,4
23,Sudeste,25,1511.97,3,40.03,9,4,2,22.27,2,2,2,4.7,6
43,Centro-Oeste,49,557.88,6,20.48,11,12,1,38.91,2,1,3,6.7,2
38,Sul,23,112.19,5,30.19,7,6,4,36.73,1,1,6,2.0,7
22,Nordeste,98,560.38,3,3.37,9,3,2,29.77,2,3,11,3.2,6
35,Sul,51,151.61,4,8.24,11,11,2,34.98,3,3,3,5.7,7
62,Sul,62,577.56,5,32.7,2,2,0,49.52,3,4,10,6.1,5
32,Sudeste,7,330.03,4,40.74,5,6,2,48.12,1,3,5,2.9,6
37,Nordeste,87,105.56,3,6.11,5,5,2,38.35,2,1,10,5.2,5
65,Norte,53,438.07,5,20.56,10,2,3,40.28,3,0,6,1.2,3
45,Nordeste,60,138.4,4,7.14,11,8,2,34.64,1,0,7,7.9,1
54,Norte,33,213.36,5,48.83,1,5,1,30.73,3,0,11,6.2,2
68,Norte,92,736.84,4,16.38,3,13,1,39.05,3,6,3,4.7,10
26,Centro-Oeste,20,494.51,5,38.9,1,3,1,33.93,3,1,1,10.0,4
43,Centro-Oeste,37,225.62,2,47.2,2,13,0,36.32,1,1,6,6.0,2
37,Norte,2,659.61,3,133.51,2,13,1,51.86,2,2,6,5.6,7
60,Nordeste,95,55.61,2,26.26,3,14,3,20.22,1,2,5,3.5,4
24,Centro-Oeste,35,68.85,1,140.73,9,13,0,43.23,3,0,4,9.8,1
68,Centro-Oeste,88,120.15,2,0.52,8,14,1,62.59,3,0,5,7.3,1
26,Centro-Oeste,54,298.62,4,15.57,7,3,1,47.83,3,0,9,3.7,2
50,Sudeste,49,266.59,2,18.44,9,6,0,34.51,2,2,2,7.3,3
39,Norte,4,346.08,2,27.88,7,4,6,26.5,3,1,11,1.5,3
18,Nordeste,69,383.81,5,3.05,5,10,1,34.43,3,1,10,6.2,3
25,Centro-Oeste,17,181.95,3,23.26,11,10,2,36.43,1,1,1,7.9,5
67,Sudeste,88,468.76,6,19.97,4,8,4,38.39,2,2,11,0.0,5
51,Nordeste,74,551.6,2,16.95,3,12,3,37.63,3,2,8,2.3,5
65,Nordeste,51,269.6,6,12.18,1,5,2,34.11,2,1,9,3.1,3
56,Nordeste,78,186.08,1,9.96,9,3,0,45.79,3,4,3,5.4,7
42,Nordeste,81,431.58,1,23.33,7,4,3,42.27,3,1,7,2.6,5
50,Nordeste,19,398.64,1,17.47,1,10,2,40.05,2,2,10,0.8,7
26,Centro-Oeste,89,845.79,2,4.21,3,9,2,46.93,2,0,2,4.1,2
61,Sudeste,107,293.23,1,3.12,4,5,2,37.16,2,2,9,4.7,7
61,Nordeste,63,333.16,2,20.68,4,5,2,54.76,3,1,3,6.0,3
66,Nordeste,57,74.87,2,23.68,8,10,0,34.17,3,0,6,5.9,1
34,Norte,13,1036.63,6,34.79,6,3,3,45.96,1,0,5,5.2,3
28,Sul,9,754.71,3,46.16,10,7,0,56.69,1,3,9,2.5,4
36,Nordeste,5,357.08,2,5.38,8,12,1,59.96,1,3,6,6.4,6
39,Sudeste,42,58.0,3,7.64,2,2,2,47.46,2,1,2,3.4,4
26,Norte,17,273.42,3,26.7,2,7,1,41.2,2,0,6,7.0,1
27,Nordeste,3,699.7,1,17.16,7,13,4,46.93,1,0,8,2.7,4
42,Sul,76,186.9,5,32.75,1,7,5,55.3,1,0,8,1.9,2
38,Sul,106,490.3,5,65.72,6,5,1,22.58,2,3,8,4.2,5
28,Sul,46,489.61,1,17.65,10,14,1,30.82,3,1,3,8.9,2
37,Norte,54,1463.84,5,16.9,7,3,3,26.05,3,2,0,3.4,4
29,Norte,108,800.38,5,44.6,2,2,3,45.79,2,3,11,1.0,5
56,Sudeste,20,321.25,4,18.22,3,6,3,62.65,3,1,6,1.2,4
67,Norte,102,525.26,4,3.34,11,8,3,13.24,1,1,11,3.4,3
32,Sudeste,22,273.73,2,72.29,11,3,0,23.09,1,4,3,6.1,6
23,Sul,42,746.51,3,11.48,9,9,4,46.99,2,2,9,0.0,5
34,Centro-Oeste,79,377.55,5,26.08,2,12,4,16.02,2,1,2,1.7,5
22,Sul,40,437.56,4,22.68,6,12,3,31.6,1,1,11,3.9,3
32,Norte,55,477.09,3,31.47,5,9,2,50.05,1,3,8,1.9,6
49,Nordeste,7,94.23,1,21.63,3,7,1,58.3,3,1,11,3.9,3
65,Norte,69,233.71,4,160.42,6,12,2,36.9,1,0,6,7.2,1
68,Sudeste,65,144.49,3,96.15,10,6,3,42.59,1,0,6,4.1,3
20,Centro-Oeste,80,602.13,5,2.9,11,4,2,25.08,1,0,1,4.2,3
20,Norte,60,179.58,1,76.07,5,3,2,34.17,3,3,8,1.9,5
32,Norte,74,412.37,3,14.43,8,5,1,40.51,1,1,4,7.9,4
65,Nordeste,104,68.2,6,197.6,3,7,1,26.64,3,1,2,8.1,2
49,Sul,65,194.45,4,72.38,2,3,3,31.22,1,4,10,0.0,6
25,Sudeste,99,74.8,1,14.54,2,9,3,24.86,2,0,8,4.2,3
23,Sudeste,14,99.21,4,12.41,9,11,3,45.7,3,0,6,7.4,1
22,Sudeste,34,199.75,2,17.43,3,9,1,46.04,3,0,6,4.7,2
64,Sul,47,107.16,6,1.39,6,13,3,27.14,3,1,11,5.1,3
33,Norte,108,271.42,2,46.12,9,11,4,18.8,3,2,7,0.4,7
63,Centro-Oeste,16,314.4,6,17.94,3,14,1,43.41,2,3,4,4.3,7
34,Centro-Oeste,110,381.05,3,5.4,6,10,3,48.09,1,2,0,6.1,4
56,Nordeste,75,504.77,5,47.68,3,12,4,27.05,3,1,2,5.3,5
22,Sudeste,22,309.22,6,0.33,11,11,2,31.38,1,3,0,3.4,6
41,Norte,26,560.4,5,18.52,10,2,4,37.7,2,1,9,1.2,4
44,Nordeste,8,220.46,4,23.75,8,10,1,46.25,3,2,1,4.0,5
42,Sul,110,85.18,6,17.14,4,9,2,36.32,2,5,6,0.0,7
38,Sul,8,702.2,3,4.21,6,5,1,38.38,2,2,2,3.4,7
63,Nordeste,7,54.96,3,7.99,7,6,3,48.07,1,0,6,5.2,3
25,Nordeste,61,225.31,3,9.02,7,14,0,40.69,1,2,4,9.4,4
63,Sul,103,222.54,2,63.18,2,8,2,19.64,2,2,5,3.5,5
51,Centro-Oeste,40,369.2,4,21.99,6,7,6,41.88,3,3,7,0.0,8
32,Centro-Oeste,2,157.16,4,41.93,5,4,1,44.17,1,1,5,6.8,3
52,Sudeste,29,661.76,1,18.87,11,13,0,60.04,1,2,3,8.4,3
43,Centro-Oeste,25,502.31,2,19.56,5,7,3,40.43,3,3,1,0.8,6
53,Sul,83,246.89,3,68.36,10,2,1,56.74,2,0,9,4.2,4
51,Sudeste,37,591.29,5,32.86,4,9,2,55.76,3,1,11,3.6,3
52,Nordeste,112,204.45,6,1.19,4,14,2,35.5,2,1,1,8.0,4
32,Sudeste,16,868.25,1,4.04,11,8,1,37.17,2,0,0,7.1,2
20,Sudeste,68,359.73,3,14.05,9,3,1,65.13,3,3,11,3.9,6
58,Centro-Oeste,26,414.43,2,35.55,6,11,0,32.31,1,1,10,7.5,1
26,Sul,1,196.28,4,16.38,7,12,3,23.0,1,1,11,4.0,4
53,Norte,117,416.24,6,32.2,4,3,1,43.04,1,1,6,4.2,7
69,Nordeste,28,764.79,6,27.85,1,3,1,49.9,1,3,9,6.8,4
60,Sul,25,252.85,4,1.99,11,8,2,24.37,2,1,9,4.1,4
43,Sudeste,33,560.69,4,60.52,6,4,7,70.98,3,2,7,0.2,8
27,Centro-Oeste,70,323.7,1,1.81,10,4,0,49.08,3,5,3,4.1,8
47,Sudeste,86,180.27,6,0.28,8,11,1,33.55,3,1,1,5.3,4
59,Sudeste,24,48.24,6,15.61,9,13,3,34.29,3,1,8,1.1,3
53,Centro-Oeste,69,362.46,4,5.46,4,3,5,18.89,3,0,9,3.5,3
34,Sudeste,61,94.49,3,3.7,7,11,1,63.15,1,3,11,0.0,7
42,Centro-Oeste,85,239.77,5,65.11,10,4,2,44.37,1,1,3,2.4,4
28,Norte,112,448.35,5,5.93,3,5,1,35.76,1,1,10,5.3,3
64,Nordeste,111,490.0,5,28.7,7,8,1,42.94,3,1,4,0.1,5
48,Sudeste,47,245.86,2,13.17,5,9,0,21.03,1,1,2,5.8,3
29,Nordeste,26,493.02,4,11.28,2,3,4,38.63,1,1,2,2.0,3
42,Nordeste,107,435.57,4,85.36,10,3,1,43.82,3,1,7,6.8,4
43,Norte,109,324.93,6,0.36,11,10,4,11.57,1,1,0,5.2,4
56,Nordeste,93,751.01,1,20.08,5,6,2,50.99,3,1,0,3.7,5
30,Sul,53,1262.26,6,7.92,4,12,2,29.41,1,1,4,2.6,3
47,Norte,106,138.62,4,4.05,3,7,3,31.24,3,0,10,4.1,2
20,Centro-Oeste,82,270.85,4,66.21,10,6,2,50.27,3,1,9,7.5,3
48,Centro-Oeste,116,454.45,1,15.58,8,8,3,32.91,2,2,5,6.2,5
38,Sudeste,30,465.63,5,11.2,3,7,1,37.46,3,1,5,3.2,3
63,Sul,113,288.19,6,25.26,10,13,0,34.68,3,2,6,8.7,3
52,Norte,35,250.99,3,1.29,1,4,4,38.52,1,1,10,1.1,4
46,Sul,20,585.77,5,48.92,8,14,3,40.15,1,2,10,3.0,5
30,Norte,33,450.21,2,12.47,1,8,2,38.85,3,1,4,5.6,3
47,Centro-Oeste,70,778.49,2,12.21,9,4,3,35.92,3,0,11,6.3,1
23,Nordeste,66,302.48,1,40.62,11,6,1,43.64,3,1,0,3.7,3
28,Sul,21,644.59,5,48.61,7,9,0,22.86,2,1,8,6.6,1
28,Sudeste,87,143.26,6,49.8,7,9,2,21.84,1,1,4,5.7,4
21,Sul,52,455.0,1,34.0,11,12,2,24.57,3,1,8,3.6,3
67,Norte,83,106.93,4,31.03,10,13,1,28.97,1,1,3,8.7,3
39,Centro-Oeste,99,1008.07,5,37.41,7,8,1,32.72,2,1,0,5.5,4
51,Sudeste,15,1070.81,3,68.36,10,4,2,32.49,3,2,11,5.8,5
47,Sudeste,48,263.98,4,34.02,6,11,4,61.51,3,1,10,0.8,4
22,Sudeste,32,192.77,6,27.24,11,11,2,31.48,3,4,1,2.2,6
48,Sul,89,349.87,5,10.05,4,12,1,35.87,2,1,9,8.3,3
45,Sul,35,543.54,2,5.04,6,9,5,43.56,2,0,3,1.4,4
48,Norte,80,234.17,1,42.49,11,5,1,40.51,3,1,7,8.0,2
40,Nordeste,48,655.41,3,41.85,10,6,4,28.99,2,2,2,3.3,4
20,Sudeste,11,251.16,6,16.08,1,11,2,59.45,3,2,0,5.6,5
52,Sudeste,76,415.49,1,0.8,5,6,3,50.8,1,0,8,2.4,4
38,Nordeste,111,585.43,3,18.34,11,6,3,44.05,2,0,11,3.1,3
38,Centro-Oeste,19,115.59,5,41.51,4,6,3,49.34,3,1,4,4.0,3
27,Sul,52,53.36,1,28.02,5,10,1,43.76,3,1,1,6.4,2
29,Sudeste,112,235.41,2,15.46,2,6,3,50.47,2,0,8,3.3,4
44,Norte,118,427.64,1,0.34,3,10,2,45.33,3,2,10,6.1,5
54,Sul,12,115.02,3,80.58,7,9,1,37.96,2,0,7,4.0,3
29,Sudeste,101,87.28,1,13.01,4,13,4,31.42,1,3,3,1.8,7
40,Nordeste,26,211.81,3,6.76,8,8,1,26.44,3,0,6,9.5,2
39,Norte,49,387.3,4,10.41,11,4,4,28.6,3,5,8,0.0,7
40,Norte,56,98.69,4,15.38,11,10,2,45.74,1,2,8,0.9,7
40,Sul,40,298.99,3,4.58,9,7,2,24.98,1,3,5,2.9,5
32,Sudeste,80,401.35,6,102.81,8,10,4,51.3,3,0,9,5.8,3
43,Sudeste,6,156.64,1,31.41,4,12,1,68.18,3,4,0,3.5,6
45,Norte,100,634.33,1,7.76,4,13,1,43.16,3,0,11,8.1,1
30,Nordeste,101,102.23,5,22.56,5,5,3,28.58,1,0,0,6.6,2
52,Sudeste,59,383.99,2,11.63,4,9,1,49.46,3,0,4,9.3,1
54,Nordeste,3,1146.7,5,36.39,6,11,1,23.64,2,4,7,2.7,6
61,Nordeste,17,278.54,1,30.87,7,10,3,36.72,2,2,7,5.2,5
55,Sudeste,114,395.99,5,1.23,5,9,2,40.41,2,1,8,5.1,5
21,Nordeste,10,891.78,6,4.0,9,10,0,14.96,1,1,1,9.6,1
31,Sul,102,136.43,1,16.92,1,2,4,39.46,3,0,8,1.8,3
64,Sudeste,12,344.26,5,26.39,10,8,4,34.14,2,4,7,0.0,7
54,Sudeste,47,338.2,2,19.02,3,3,1,41.31,3,2,0,7.7,4
25,Centro-Oeste,68,672.84,1,39.5,4,6,2,25.88,2,0,7,6.9,1
51,Sudeste,82,411.08,5,26.7,5,8,1,52.95,1,2,2,3.7,5
19,Norte,18,507.76,2,39.16,10,5,1,41.88,3,2,5,4.6,6
25,Norte,34,372.06,2,1.21,10,11,1,35.07,1,0,10,8.8,1
42,Nordeste,32,398.1,2,38.72,1,8,1,65.16,2,0,5,7.2,2
44,Sudeste,86,206.08,1,34.26,11,6,2,23.38,3,1,8,5.0,3
28,Sudeste,47,255.69,3,4.34,10,4,3,45.43,2,4,0,2.1,8
34,Sul,25,384.22,6,10.71,6,7,2,17.16,3,2,6,3.5,4
47,Sul,110,273.91,5,5.82,3,9,1,43.3,2,2,6,6.6,5
68,Sudeste,33,132.71,2,42.15,3,4,4,45.22,1,2,8,0.1,5
55,Centro-Oeste,14,230.48,6,15.3,5,13,2,15.72,2,2,4,3.4,4
27,Nordeste,115,704.45,6,2.81,7,6,0,33.35,1,4,5,2.9,6
51,Norte,113,217.88,6,63.54,2,11,5,46.34,1,2,6,0.0,8
32,Sul,58,375.46,6,10.18,1,8,3,26.92,1,0,10,1.3,5
39,Sul,34,219.83,2,51.71,3,12,6,30.04,2,0,5,1.9,3
42,Nordeste,48,253.67,3,11.0,9,14,4,51.28,1,3,4,1.8,6
31,Norte,4,440.81,5,13.03,4,8,2,44.41,1,1,3,4.5,3
42,Nordeste,24,381.68,3,3.5,9,3,4,55.32,3,0,2,3.5,3
62,Norte,105,469.56,6,20.72,7,7,3,23.79,1,2,6,2.7,5
34,Norte,90,111.53,4,40.19,9,8,3,28.38,3,1,2,2.3,3
60,Norte,58,115.9,4,74.51,3,5,1,29.78,3,0,1,5.7,5
19,Sudeste,113,198.1,3,3.57,1,2,1,31.99,3,2,10,6.6,4
46,Norte,88,866.71,6,48.85,1,5,4,43.48,3,0,4,2.6,6
38,Sudeste,85,453.73,4,8.69,1,6,5,15.44,2,1,8,0.0,6
65,Norte,51,267.38,3,32.21,3,2,1,36.99,1,2,3,4.4,6
19,Centro-Oeste,36,232.29,3,16.87,6,13,2,44.73,1,2,0,6.3,4
69,Sul,96,262.47,1,28.2,5,2,2,31.43,2,1,3,6.0,3
49,Centro-Oeste,89,14.58,3,2.02,3,14,1,48.92,1,3,2,0.0,6
25,Norte,56,312.04,3,9.09,6,7,0,12.04,3,0,4,10.0,2
53,Sudeste,43,525.0,1,8.5,2,7,3,35.24,3,2,10,0.0,7
44,Nordeste,18,268.09,4,13.46,8,7,3,29.51,2,3,11,0.9,7
44,Sudeste,80,404.4,2,12.49,10,5,5,25.46,2,1,10,0.7,4
59,Norte,80,427.38,2,11.99,9,12,4,33.5,1,2,11,1.8,4
40,Centro-Oeste,34,595.57,4,3.81,9,14,3,43.9,1,1,6,4.9,4
29,Sudeste,76,679.11,1,10.05,5,11,1,44.97,1,0,0,8.4,1
23,Centro-Oeste,110,453.33,5,129.59,8,2,2,42.95,1,2,7,0.0,5
60,Sudeste,45,289.33,1,14.56,9,2,3,21.79,2,1,10,1.6,4
41,Nordeste,51,453.95,2,19.2,6,6,0,34.17,2,3,6,2.6,6
54,Norte,95,864.07,6,23.97,10,7,1,18.65,1,0,8,5.6,4
42,Sul,102,908.39,4,26.94,9,4,1,44.67,1,1,2,6.8,2
37,Sul,83,1111.05,5,91.4,9,6,2,42.64,3,2,5,5.7,6
64,Norte,102,357.46,4,66.51,10,6,1,27.88,3,3,11,4.3,6
62,Norte,45,719.25,4,5.28,6,2,2,34.49,1,1,0,8.2,4
54,Sudeste,74,44.28,5,12.11,10,2,1,11.14,1,3,1,3.6,6
23,Centro-Oeste,40,307.57,5,13.19,5,12,0,54.67,1,3,1,8.9,3
38,Norte,49,170.59,2,6.35,2,12,0,32.01,2,2,9,6.0,3
48,Centro-Oeste,119,1476.68,3,3.85,11,3,2,40.35,1,3,10,3.4,5
50,Sul,36,47.58,1,46.01,9,12,1,35.74,1,1,9,5.6,3
65,Sul,22,1219.79,1,102.07,9,12,1,11.63,1,4,9,3.2,6
34,Norte,26,353.5,2,42.17,5,2,1,47.19,2,1,11,4.3,4
50,Sudeste,105,512.99,4,8.36,1,7,3,66.01,2,1,7,3.4,5
66,Norte,55,219.74,6,71.01,6,3,4,50.99,2,0,5,2.8,3
19,Nordeste,73,534.5,4,2.36,11,13,0,44.0,3,0,11,7.8,0
57,Centro-Oeste,25,309.7,5,50.56,8,7,3,40.94,2,4,10,0.0,7
50,Sudeste,89,143.7,3,2.63,2,14,1,23.55,3,2,6,3.8,5
19,Sudeste,9,606.49,5,39.05,1,2,2,46.72,1,0,8,1.8,3
62,Sudeste,19,549.62,1,3.84,6,9,1,41.44,1,2,11,4.7,5
31,Sudeste,99,103.61,1,0.89,9,14,3,51.47,2,1,10,6.0,4
20,Sudeste,90,555.71,2,85.85,11,9,2,54.49,2,2,3,5.4,5
43,Nordeste,74,72.55,5,3.81,11,8,5,22.71,3,4,8,0.0,9
41,Sudeste,80,420.4,4,23.1,7,4,7,19.06,2,1,0,0.0,4
29,Sul,10,531.99,6,47.06,7,5,1,36.61,2,1,3,5.0,5
68,Sul,60,445.34,4,10.14,11,2,2,35.94,3,3,4,5.8,5
26,Centro-Oeste,70,647.05,3,27.03,4,3,2,31.69,3,0,0,8.0,3
21,Norte,73,493.06,3,43.42,6,7,2,35.2,3,1,8,5.3,3
22,Centro-Oeste,57,352.7,6,23.54,7,7,2,39.12,2,1,3,6.8,3
22,Sul,107,220.97,1,17.84,6,4,3,56.08,2,1,10,2.3,6
29,Nordeste,1,441.31,5,23.95,3,13,0,43.87,3,4,2,7.0,6
62,Norte,67,556.82,4,54.07,2,12,4,38.17,2,1,11,1.9,3
28,Nordeste,114,408.58,3,24.81,10,3,3,41.4,3,1,8,3.7,3
45,Nordeste,36,345.83,1,34.27,5,14,2,29.5,2,1,6,5.4,4
44,Norte,52,114.65,1,28.48,2,8,3,48.27,2,2,3,3.9,4
39,Sul,96,106.07,5,23.41,7,11,3,21.37,1,2,1,4.3,5
20,Sudeste,102,269.86,3,60.74,3,11,2,31.3,2,3,9,1.8,5
38,Centro-Oeste,24,483.15,1,10.94,9,13,3,42.59,3,2,3,3.4,4
28,Sul,79,126.99,2,35.53,6,7,2,38.78,3,2,8,5.0,4
45,Nordeste,109,243.3,4,41.2,6,5,3,58.33,1,2,3,2.6,5
46,Sul,110,859.06,2,103.57,4,14,2,50.94,3,1,4,6.4,3
34,Sul,43,385.1,1,0.24,6,13,1,60.32,1,1,2,6.1,3
27,Centro-Oeste,35,913.88,5,80.41,4,5,0,12.67,2,0,1,10.0,0
32,Sul,101,513.85,6,7.8,2,6,4,41.98,2,2,4,0.0,5
66,Nordeste,63,45.1,6,2.32,2,5,2,29.92,2,2,1,4.5,5
61,Sudeste,59,382.29,5,20.05,1,5,1,23.56,1,0,7,4.5,3
46,Centro-Oeste,106,244.61,5,10.78,5,8,2,27.99,3,1,11,2.0,4
21,Norte,61,177.14,2,107.25,10,10,0,39.83,3,2,11,6.0,3
56,Norte,96,738.19,6,34.16,2,8,5,25.67,3,3,9,1.4,8
41,Sul,18,421.28,6,11.18,3,11,1,69.55,3,0,5,4.5,3
62,Sul,7,207.38,5,5.95,2,14,3,47.01,2,1,0,2.1,4
41,Sul,79,421.32,5,110.56,2,3,1,54.37,3,1,6,4.1,4
31,Centro-Oeste,69,430.78,1,0.14,6,4,4,34.31,3,2,0,5.9,5
43,Sul,29,324.37,3,61.45,1,7,2,47.0,2,1,6,5.5,3
28,Sul,92,485.61,3,35.78,3,13,1,47.55,3,1,7,4.4,5
20,Norte,78,618.38,6,15.23,10,3,1,42.32,2,0,4,4.9,3
28,Norte,18,731.33,4,38.41,6,8,3,34.9,1,1,3,2.2,4
64,Centro-Oeste,42,370.7,6,28.14,6,3,3,58.91,3,1,9,1.5,5
63,Centro-Oeste,91,383.5,3,9.87,9,9,2,15.24,2,1,2,5.3,5
67,Sudeste,67,250.52,1,26.91,3,5,2,47.18,3,1,1,5.7,3
23,Sul,86,535.4,4,18.02,11,2,3,48.1,2,3,6,2.5,6
69,Sudeste,18,509.8,6,39.45,9,8,0,37.35,2,2,3,8.7,4
50,Norte,118,316.61,4,39.48,5,4,8,36.26,2,2,1,0.0,4
66,Sudeste,41,270.17,5,9.08,6,12,3,35.09,1,2,9,3.3,5
34,Centro-Oeste,7,1047.21,4,20.75,6,10,2,46.66,1,2,7,4.8,5
57,Norte,75,52.64,5,0.49,1,12,1,50.36,3,3,6,2.6,5
35,Norte,108,328.47,3,15.86,8,8,1,48.54,1,2,4,4.6,4
61,Nordeste,63,481.9,1,28.55,8,6,0,33.38,1,1,0,6.9,1
64,Norte,112,157.66,1,0.3,8,12,2,40.78,1,1,4,3.5,5
21,Sudeste,80,301.56,2,23.06,10,3,0,32.81,1,1,3,8.8,4
53,Nordeste,101,471.9,5,15.14,2,8,1,34.83,2,2,7,4.5,4
65,Norte,54,538.99,2,58.74,11,5,1,32.65,1,1,6,5.5,3
56,Sudeste,25,64.3,3,12.35,7,13,2,50.44,1,2,2,4.1,4
66,Sul,4,97.7,1,22.55,4,3,1,53.4,3,0,6,7.1,2
32,Centro-Oeste,41,93.09,3,41.18,6,2,1,26.47,2,5,5,4.6,7
66,Sul,34,449.07,2,58.09,7,6,1,39.71,2,0,8,5.0,4
58,Nordeste,76,897.65,2,4.05,5,8,5,15.81,1,2,1,1.5,7
43,Sudeste,84,174.71,3,11.93,2,12,3,7.18,1,1,5,3.8,3
50,Norte,85,263.38,1,0.28,6,9,2,38.38,1,2,5,6.9,5
45,Nordeste,90,1046.13,1,5.22,8,13,2,37.11,2,1,3,2.4,5
47,Centro-Oeste,113,747.45,3,37.37,11,6,3,34.84,2,1,4,0.5,4
69,Sudeste,114,916.48,3,32.2,3,9,0,22.28,2,2,7,7.8,4
63,Sudeste,100,546.92,3,8.39,2,7,2,44.55,2,2,3,4.5,5
45,Centro-Oeste,106,147.16,3,55.23,8,7,1,41.42,3,1,0,5.3,3
62,Centro-Oeste,9,160.55,2,18.7,9,9,2,6.71,3,1,0,6.7,4
57,Sul,15,155.46,3,12.52,10,7,1,44.49,3,0,3,9.7,2
51,Norte,63,64.87,4,83.33,9,14,1,38.01,3,1,0,9.9,3
27,Norte,26,325.48,3,24.44,6,10,1,22.93,1,0,11,5.5,2
56,Nordeste,22,399.72,2,8.74,2,9,3,20.15,2,2,3,3.4,4
66,Norte,45,573.33,3,50.66,5,10,2,28.71,2,3,8,2.6,8
32,Sudeste,74,267.62,4,128.32,11,12,1,30.59,2,2,1,7.6,5
61,Norte,24,344.99,1,16.15,5,12,2,31.62,3,2,5,6.2,3
69,Norte,71,314.04,5,36.04,4,7,4,13.07,3,2,8,3.5,4
47,Norte,96,264.58,2,40.84,8,7,4,48.75,1,0,5,3.0,2
45,Nordeste,87,585.06,3,13.95,2,14,3,20.39,2,1,3,1.9,4
56,Sudeste,102,257.43,1,13.14,4,2,4,29.74,3,3,0,0.0,6
43,Centro-Oeste,50,247.16,5,5.22,7,6,2,20.08,3,0,3,9.0,1
43,Centro-Oeste,51,402.62,5,1.3,1,7,0,64.08,1,1,7,9.5,2
61,Sudeste,83,126.06,2,31.41,11,14,2,22.18,2,2,8,4.9,5
18,Sul,76,155.47,6,34.47,10,14,5,40.27,1,2,11,0.0,5
39,Norte,52,169.52,2,12.68,3,7,3,32.27,1,2,5,5.8,4
40,Sul,16,555.7,3,3.58,11,14,3,33.07,3,3,0,5.4,6
42,Norte,57,298.17,4,2.29,2,11,3,45.19,2,0,0,6.8,1
25,Sul,25,346.06,1,30.22,1,4,4,13.34,1,1,3,2.8,3
51,Sudeste,116,391.76,2,49.2,7,13,1,22.55,3,3,10,6.0,5
69,Nordeste,70,893.62,2,2.97,8,4,1,51.42,1,1,3,7.2,2
32,Nordeste,71,350.01,2,14.61,9,6,2,35.32,1,2,9,4.6,4
19,Centro-Oeste,47,308.64,4,22.93,4,2,3,47.16,3,3,3,3.2,7
29,Sul,1,846.57,2,23.25,9,5,6,37.5,3,3,7,0.0,8
35,Centro-Oeste,49,732.67,1,105.6,8,11,0,20.81,3,4,3,6.2,4
24,Norte,94,313.25,1,3.01,7,6,1,34.23,2,3,11,5.0,5
59,Centro-Oeste,106,503.34,3,66.18,8,9,3,56.15,1,3,7,0.7,5
44,Sul,31,574.18,1,8.43,10,5,4,37.68,1,1,6,3.0,3
19,Sul,6,548.3,6,13.42,7,6,2,54.82,3,1,2,6.8,3
52,Sul,94,470.98,5,0.81,9,12,1,45.09,1,2,10,5.6,4
63,Norte,119,802.83,6,57.08,5,8,3,46.14,3,0,11,2.3,2
65,Centro-Oeste,60,219.5,4,40.8,10,13,3,25.12,1,1,4,1.7,3
30,Centro-Oeste,22,456.69,1,46.28,2,13,3,29.97,2,2,9,2.4,4
21,Centro-Oeste,20,364.59,2,24.54,8,3,7,25.51,3,1,6,0.0,3
45,Centro-Oeste,118,443.74,5,33.18,5,14,4,38.0,1,1,9,1.6,4
40,Centro-Oeste,62,324.49,5,58.37,1,5,2,38.72,1,0,10,4.5,2
68,Sudeste,116,177.39,4,44.7,10,8,3,34.29,2,2,8,0.2,4
35,Sudeste,1,509.15,4,43.33,3,7,0,13.4,2,2,4,6.7,4
38,Centro-Oeste,109,501.54,4,43.72,10,2,2,28.64,2,2,5,3.0,5
56,Sul,104,1133.5,4,9.7,7,4,0,34.82,3,2,1,4.0,5
31,Nordeste,72,135.56,1,15.66,1,4,1,40.94,2,1,0,6.7,7
30,Nordeste,77,244.71,1,3.33,5,10,1,41.74,2,2,7,2.7,4
65,Sudeste,119,405.18,3,65.29,11,3,2,62.07,2,2,10,3.9,5
67,Norte,85,638.29,2,31.65,10,6,1,47.35,2,1,3,6.8,2
37,Norte,52,105.05,1,9.85,6,11,2,35.03,2,3,6,5.2,5
30,Sudeste,15,158.16,6,111.61,10,11,2,49.43,3,0,7,5.7,4
25,Sul,74,203.79,2,53.64,4,2,2,35.86,2,0,5,5.8,3
21,Norte,83,599.12,1,45.86,7,14,3,30.1,2,4,9,0.0,6
23,Sul,38,117.62,5,29.79,10,10,1,40.32,1,2,6,9.4,4
41,Centro-Oeste,81,334.41,3,22.06,5,6,3,56.51,1,2,8,3.0,5
67,Sudeste,107,364.16,4,77.68,8,2,3,61.51,2,2,4,3.1,4
41,Nordeste,49,874.28,6,54.83,1,14,2,25.86,2,0,3,7.0,4
66,Sudeste,12,737.43,1,23.05,7,3,2,2.62,2,2,7,4.1,6
37,Centro-Oeste,64,927.01,4,2.17,7,7,5,20.32,1,2,9,0.0,4
30,Norte,39,335.39,6,18.62,5,4,1,32.62,1,1,11,7.4,3
51,Centro-Oeste,67,1004.9,4,29.24,11,13,2,25.07,3,0,2,7.6,2
25,Centro-Oeste,106,210.74,6,87.75,11,3,1,48.28,2,4,2,4.0,6
51,Sul,112,265.31,1,31.87,10,6,1,44.13,1,2,11,2.9,7
64,Sul,36,533.31,6,40.97,5,12,5,37.2,3,0,10,5.1,2
22,Nordeste,39,214.31,5,1.0,4,9,1,19.04,1,0,11,6.7,2
33,Norte,111,383.44,2,1.24,11,8,2,56.0,1,1,3,6.8,3
33,Nordeste,29,134.61,6,60.15,2,5,3,33.58,1,3,10,3.3,6
31,Nordeste,75,273.3,1,3.03,6,13,1,35.4,2,3,3,4.6,7
44,Sul,86,568.92,4,7.76,4,12,0,22.44,1,0,0,10.0,0
59,Nordeste,30,483.04,1,21.94,9,7,2,28.0,1,0,5,6.6,2
59,Nordeste,96,390.7,3,24.54,3,7,1,40.66,3,1,11,1.6,4
48,Sul,26,775.91,6,21.91,11,6,4,49.15,3,1,2,5.9,4
31,Centro-Oeste,116,273.0,3,4.6,3,12,5,69.28,3,1,4,1.3,3
48,Centro-Oeste,32,1185.42,6,2.42,6,4,3,39.71,3,3,8,2.6,6
31,Sul,119,611.69,1,36.54,2,11,0,36.3,1,0,2,10.0,0
41,Sudeste,28,532.61,3,2.7,3,8,5,40.41,1,2,2,0.8,5
52,Centro-Oeste,79,265.26,1,12.38,8,4,4,47.96,2,2,9,1.0,5
69,Norte,41,316.67,4,9.8,10,12,3,41.49,2,0,11,3.8,3
32,Sul,55,107.37,4,121.72,2,12,1,22.03,3,4,10,3.4,8
37,Sudeste,90,587.13,1,7.56,5,14,2,31.84,3,4,3,0.0,6
67,Nordeste,53,594.93,4,110.26,4,4,0,58.7,2,2,6,5.7,5
45,Nordeste,52,347.52,3,10.79,2,13,3,17.34,1,3,4,0.0,5
55,Sul,14,303.39,6,91.29,2,14,3,36.04,1,1,7,4.6,4
44,Nordeste,33,265.59,6,37.2,10,2,2,43.48,2,4,0,5.9,9
18,Sul,32,379.03,2,15.64,7,7,3,31.84,1,1,0,4.4,4
29,Norte,98,278.99,4,22.39,5,4,0,33.53,2,0,9,7.8,3
56,Nordeste,111,679.64,3,10.67,3,11,3,37.25,1,0,6,4.5,2
44,Norte,38,275.71,2,44.99,1,5,2,28.46,2,3,2,5.4,6
53,Sul,33,947.43,3,7.44,4,4,1,35.97,2,2,8,6.9,3
48,Nordeste,76,262.66,3,39.6,10,14,3,32.69,2,0,3,7.3,1
41,Centro-Oeste,8,168.43,5,43.05,7,9,2,39.44,2,2,8,6.1,5
49,Sul,10,74.37,1,41.6,11,10,3,28.73,1,2,0,2.0,4
37,Norte,92,658.08,4,146.48,11,5,1,24.71,1,2,0,8.2,3
40,Nordeste,91,148.3,3,36.44,5,4,2,54.7,3,1,8,6.9,5
66,Centro-Oeste,22,209.52,3,12.53,6,4,1,31.18,3,0,3,9.1,3
20,Sudeste,56,273.02,2,5.68,1,14,2,35.27,3,2,6,4.6,5
33,Sul,17,904.14,5,11.79,9,11,3,41.5,1,1,4,4.0,3
64,Sul,98,452.45,5,27.48,1,13,5,63.25,1,1,6,0.0,4
19,Sul,102,577.58,2,5.21,5,4,0,62.28,3,2,10,3.3,6
54,Nordeste,63,27.48,3,35.83,11,4,2,33.63,2,3,9,1.4,8
38,Sul,22,362.26,3,30.18,6,6,2,46.03,3,2,6,6.5,3
20,Centro-Oeste,39,709.72,2,6.81,11,4,5,38.5,2,2,5,4.9,6
29,Centro-Oeste,86,634.48,2,0.34,1,13,3,45.06,3,0,6,1.7,3
45,Sul,79,302.31,6,34.56,7,9,4,35.5,3,2,9,2.5,6
42,Sul,59,218.8,3,1.91,8,8,2,41.83,1,0,11,5.6,2
33,Sudeste,43,358.17,6,19.15,7,14,3,39.69,2,0,7,6.8,1
29,Nordeste,62,413.37,4,1.38,7,3,3,48.81,3,2,3,2.6,4
38,Norte,90,801.14,1,50.34,10,7,2,40.95,3,2,8,1.3,4
62,Sul,108,140.08,5,2.4,10,11,3,53.46,3,0,3,4.0,3
39,Norte,104,468.42,6,52.77,7,4,3,57.93,2,1,6,5.8,3
36,Norte,84,170.47,6,16.49,10,9,2,63.93,3,4,10,1.3,7
29,Sul,108,353.11,3,6.9,10,11,1,21.32,3,3,8,4.4,5
29,Norte,20,378.44,3,17.91,5,4,2,51.37,2,0,8,5.0,4
65,Centro-Oeste,95,219.11,3,27.38,5,9,1,20.5,2,0,8,6.1,5
67,Sudeste,112,89.36,6,18.72,10,2,3,19.86,1,3,10,3.2,5
40,Nordeste,19,1032.77,4,17.35,2,9,0,34.13,2,4,0,6.6,7
59,Sudeste,54,213.19,2,14.82,8,12,5,21.75,1,0,1,0.3,2
52,Centro-Oeste,92,445.01,5,8.28,1,14,3,4.08,2,0,1,9.1,4
26,Sudeste,98,322.05,5,40.78,10,7,0,24.8,3,0,2,10.0,3
38,Norte,3,126.52,1,27.55,9,2,2,43.38,2,2,4,2.4,4
34,Norte,84,206.01,4,20.09,10,7,2,45.23,2,1,3,3.4,6
19,Norte,78,654.84,5,11.22,11,2,2,43.85,3,2,7,5.7,4
54,Sudeste,48,229.26,6,39.0,7,2,0,44.62,1,5,1,4.6,9
28,Sudeste,82,110.02,1,14.27,10,3,1,25.66,1,0,1,7.4,1
38,Norte,11,431.19,6,4.15,2,8,2,29.1,1,0,0,5.7,2
22,Centro-Oeste,115,558.16,3,30.92,1,5,2,28.02,3,1,11,3.9,4
51,Sul,110,589.37,6,46.71,7,13,1,22.81,3,2,2,6.3,4
67,Nordeste,96,300.5,3,17.53,1,8,4,50.43,2,1,6,3.5,3
54,Centro-Oeste,115,1579.63,6,28.0,1,6,5,30.94,3,3,9,0.2,5
49,Norte,79,395.52,4,0.96,10,8,5,33.91,3,2,8,0.0,4
27,Centro-Oeste,80,170.07,6,2.89,3,11,2,40.61,1,2,7,3.4,4
56,Centro-Oeste,89,190.15,2,14.92,8,11,2,36.73,1,3,1,6.9,4
30,Sudeste,64,282.05,3,49.07,8,10,3,42.68,2,2,4,3.2,4
19,Sul,95,234.15,5,9.05,1,14,4,58.73,1,4,2,0.0,7
40,Sul,115,262.62,3,8.32,3,4,6,46.55,2,1,0,0.7,3
57,Nordeste,53,162.8,6,1.68,3,14,3,53.66,1,2,8,3.9,4
20,Sudeste,3,525.92,4,112.59,11,9,1,31.09,2,1,6,3.9,5
38,Sul,61,148.53,5,12.96,3,8,1,30.31,1,3,11,3.2,6
27,Sul,43,156.31,1,1.38,9,12,3,25.65,1,1,2,3.9,6
20,Nordeste,7,101.11,5,37.34,6,4,0,47.18,1,2,2,5.5,4
32,Nordeste,47,309.48,5,16.74,3,2,1,63.92,1,2,11,3.8,5
27,Centro-Oeste,10,446.45,3,12.22,1,4,4,19.24,3,2,3,1.1,5
64,Sul,29,224.25,3,24.15,1,8,2,45.8,3,4,9,3.2,8
26,Sudeste,1,33.61,3,18.68,2,5,3,57.72,2,1,11,1.6,5
33,Centro-Oeste,31,397.15,6,9.23,7,8,2,50.58,1,1,3,4.8,4
41,Norte,27,174.36,6,8.07,1,7,1,24.65,2,1,1,6.6,2
37,Centro-Oeste,58,441.56,1,63.4,7,12,4,44.68,1,2,8,1.5,4
47,Sul,115,522.64,6,2.87,2,3,7,45.93,1,2,10,0.0,6
30,Nordeste,95,102.76,5,15.82,2,13,2,27.34,3,2,7,2.7,5
18,Sudeste,60,391.99,6,17.51,10,12,2,21.15,3,3,11,4.2,5
21,Nordeste,18,396.21,3,45.62,4,2,1,51.29,2,2,7,5.7,5
24,Norte,15,278.68,3,120.51,10,6,1,54.73,2,3,4,4.2,7
67,Norte,64,584.77,6,22.12,7,8,1,35.37,1,0,11,9.6,3
53,Norte,111,370.2,4,21.2,3,5,3,21.88,1,0,6,5.5,2
38,Sudeste,117,569.52,5,0.14,11,5,2,33.96,2,0,4,2.8,3
47,Sul,32,265.32,2,22.56,7,4,3,47.47,3,1,0,6.0,2
56,Sul,17,119.54,3,23.79,2,2,1,59.2,2,0,7,5.8,4
44,Sul,51,711.9,5,80.08,11,10,1,42.64,2,3,8,3.2,6
66,Norte,18,373.25,3,14.06,1,11,5,25.3,3,2,6,0.0,5
43,Nordeste,48,660.74,1,37.11,4,10,6,34.89,2,0,7,0.0,2
36,Nordeste,50,135.24,4,14.51,4,8,5,44.62,2,3,3,0.0,7
31,Centro-Oeste,77,242.59,1,41.85,6,11,0,52.78,3,2,8,7.5,3
69,Nordeste,93,110.52,2,181.97,4,5,2,56.5,3,3,2,2.3,5
57,Norte,57,700.61,1,5.55,3,7,0,14.32,2,2,9,6.3,2
59,Centro-Oeste,98,340.23,3,48.81,5,8,3,25.09,2,2,0,5.1,4
48,Centro-Oeste,65,452.56,2,16.88,5,13,3,46.51,2,2,7,3.0,4
24,Centro-Oeste,108,683.42,3,71.66,10,8,3,29.28,2,0,10,6.2,2
50,Nordeste,79,68.03,6,62.03,9,3,2,46.21,1,1,2,4.6,7
26,Sul,46,512.0,5,34.04,10,2,3,69.43,3,4,8,1.1,6
19,Sudeste,58,589.08,2,86.68,6,3,2,32.13,3,1,1,3.9,4
53,Sul,110,1130.84,6,54.85,3,3,3,10.32,3,2,9,2.0,6
24,Nordeste,70,167.6,5,17.6,9,14,2,43.46,2,0,8,6.7,2
22,Sul,98,288.6,5,29.35,1,13,3,37.36,2,1,3,3.3,4
39,Nordeste,6,220.55,1,25.34,1,5,5,40.3,2,1,8,0.0,4
51,Norte,78,119.92,4,14.06,5,12,0,22.23,1,2,5,7.7,3
33,Centro-Oeste,2,892.36,3,31.72,11,2,3,35.06,3,1,7,3.9,4
31,Sudeste,70,220.47,5,5.68,5,13,1,50.32,1,0,0,10.0,2
26,Sul,25,317.21,3,4.52,8,8,0,31.63,3,3,4,5.7,8
23,Sul,14,618.52,6,10.18,1,10,3,35.73,2,2,0,5.9,5
62,Sul,44,193.11,5,152.31,7,11,2,49.51,2,1,0,6.7,3
65,Centro-Oeste,43,429.95,1,4.96,8,8,1,52.38,1,1,1,9.3,2
68,Sudeste,119,559.41,3,81.77,9,12,3,50.28,2,1,8,3.6,3
54,Sul,49,847.04,1,17.72,7,13,3,13.95,3,2,1,6.3,4
58,Norte,85,448.1,1,26.13,2,5,4,30.86,2,2,3,0.4,4
19,Sudeste,18,424.63,5,46.47,6,7,2,51.03,1,0,6,5.5,2
54,Norte,39,375.09,4,5.51,2,9,1,39.8,3,1,10,4.6,4
61,Sul,34,311.79,4,2.52,5,2,2,47.08,3,2,3,5.9,4
59,Norte,77,862.56,5,7.64,6,10,2,24.74,1,2,6,1.3,4
59,Sul,78,643.22,5,23.05,9,5,1,26.0,3,3,0,3.7,9
36,Centro-Oeste,58,242.06,3,33.33,6,2,6,39.08,3,3,5,0.0,5
60,Sudeste,86,161.35,6,31.79,10,7,0,39.77,3,2,7,5.8,5
61,Centro-Oeste,69,381.54,1,5.89,2,14,2,27.48,2,3,8,3.1,6
34,Nordeste,91,669.56,1,54.47,1,10,7,39.14,2,0,4,1.1,2
18,Centro-Oeste,24,139.8,1,12.35,6,11,3,28.03,2,2,0,2.0,5
21,Nordeste,54,159.16,2,11.63,10,10,4,49.6,3,3,0,0.0,6
54,Nordeste,97,839.1,4,77.66,5,12,5,30.42,2,4,6,0.0,7
47,Norte,77,104.16,3,94.87,7,2,2,44.98,2,0,5,4.3,4
63,Centro-Oeste,55,657.9,1,112.83,3,8,4,37.82,1,0,2,4.2,3
47,Sudeste,37,245.24,6,12.29,8,3,3,31.88,2,0,8,4.5,3
46,Nordeste,57,537.08,6,9.44,2,12,2,38.06,3,2,11,7.0,5
63,Sudeste,118,411.22,5,8.05,11,10,4,44.94,2,2,1,6.2,3
38,Norte,111,174.61,1,37.05,2,12,4,41.93,3,2,2,1.3,5
20,Sul,64,616.05,5,12.55,4,4,4,44.19,3,0,0,3.1,2
67,Nordeste,37,28.41,3,63.62,10,8,3,26.79,2,1,6,1.5,3
42,Sul,115,377.66,1,52.49,8,10,2,39.96,1,0,10,6.4,1
20,Norte,85,200.13,4,24.52,11,5,1,54.41,2,0,2,5.4,4
28,Centro-Oeste,38,767.71,3,6.8,4,3,2,52.79,1,3,8,4.5,7
56,Sudeste,111,363.18,1,28.02,8,6,2,29.16,3,0,5,6.7,2
63,Nordeste,45,528.61,2,19.39,1,14,2,28.01,2,3,7,1.5,7
65,Nordeste,80,202.58,6,18.92,8,14,3,26.1,1,3,7,0.0,5
54,Centro-Oeste,1,206.34,1,57.21,7,14,5,11.93,3,3,10,0.0,7
38,Sul,36,906.87,5,40.28,2,12,2,17.47,1,4,8,1.8,6
62,Sul,28,525.01,1,20.25,3,5,2,61.92,1,3,10,3.0,5
65,Sudeste,9,233.43,1,31.45,10,13,1,44.21,1,2,0,7.7,3
31,Sudeste,80,329.96,3,22.66,2,6,3,44.38,1,1,6,7.1,2
56,Sul,36,133.98,1,52.6,11,12,0,55.25,2,0,6,8.1,1
59,Norte,52,463.22,4,21.62,10,5,0,46.27,1,0,8,10.0,4
48,Nordeste,96,685.32,2,21.93,7,11,4,23.36,2,1,9,2.9,3
57,Nordeste,14,140.51,5,70.64,1,4,2,48.62,2,2,4,4.3,6
44,Centro-Oeste,86,61.68,4,29.44,2,11,2,28.64,2,3,5,1.8,5
34,Centro-Oeste,80,839.76,3,84.87,2,9,0,59.14,1,1,0,10.0,1
41,Norte,9,208.1,4,18.86,6,3,1,52.7,2,0,5,3.5,2
52,Nordeste,97,342.72,4,11.63,6,7,0,33.36,1,2,2,5.3,5
36,Centro-Oeste,13,314.45,3,6.68,9,14,4,45.35,2,2,5,1.8,6
51,Centro-Oeste,33,263.56,6,11.39,2,5,3,22.78,3,1,3,5.4,6
20,Norte,64,214.06,3,29.29,10,2,4,32.05,2,3,11,0.0,7
35,Nordeste,25,781.26,1,17.98,4,7,3,20.2,2,1,9,4.2,5
48,Norte,70,633.9,3,12.8,3,14,1,34.44,1,2,7,6.0,5
32,Nordeste,66,435.65,3,44.54,1,11,1,47.15,2,2,0,3.8,5
64,Nordeste,37,26.05,5,11.62,3,3,2,47.26,3,2,5,4.7,4
43,Centro-Oeste,71,74.01,2,1.13,6,8,6,55.68,2,0,2,2.1,4
58,Centro-Oeste,104,706.06,4,9.59,6,12,3,46.66,3,3,9,2.6,5
62,Sudeste,57,179.94,6,6.67,5,14,5,35.39,1,0,3,3.2,3
34,Norte,22,178.84,3,1.27,6,2,2,58.77,2,1,1,5.2,3
30,Sul,69,208.33,6,39.45,6,11,1,14.87,1,1,0,6.3,4
35,Sul,61,294.32,2,3.52,3,8,0,42.34,3,1,8,7.7,1
29,Sudeste,93,180.98,3,44.61,4,11,1,53.95,1,1,11,6.0,3
39,Norte,65,470.23,1,3.6,3,12,2,40.22,2,4,11,1.9,6
54,Nordeste,107,939.01,2,49.17,4,14,4,33.28,2,1,1,3.6,4
62,Centro-Oeste,5,330.11,4,9.23,9,3,3,41.56,1,3,10,0.0,5
28,Norte,83,474.63,3,30.64,10,6,1,39.77,1,2,2,6.5,4
65,Centro-Oeste,114,159.25,3,22.76,2,4,3,47.06,2,2,4,2.9,5
30,Nordeste,67,234.08,4,15.28,3,3,0,43.87,1,0,0,10.0,2
53,Centro-Oeste,72,728.57,3,31.13,5,8,1,51.31,2,3,11,3.1,5
42,Sul,101,448.02,3,21.81,1,10,2,36.01,2,1,2,2.0,3
36,Norte,7,859.15,2,67.46,5,5,3,32.79,2,6,10,0.0,10
18,Centro-Oeste,101,639.58,1,27.65,7,6,0,28.21,2,2,11,1.3,4
31,Sudeste,23,186.4,6,7.49,10,10,0,45.41,3,3,7,8.3,7
19,Norte,101,419.88,5,12.34,1,7,3,46.93,1,0,2,6.2,4
22,Sul,24,164.79,5,50.78,9,6,2,47.99,3,1,0,5.2,5
66,Sul,109,448.69,1,23.87,10,2,4,33.67,2,0,6,2.0,4
24,Sul,96,1086.46,4,17.79,3,2,1,27.11,1,0,0,10.0,2
44,Norte,62,274.26,6,14.12,10,5,0,33.54,2,2,8,6.1,3
48,Centro-Oeste,65,625.39,1,15.25,3,9,1,36.23,1,6,10,0.0,10
58,Centro-Oeste,52,196.9,2,5.63,11,8,2,34.77,1,2,11,3.6,5
33,Sudeste,46,497.13,3,0.52,3,13,2,27.68,1,1,2,3.5,6
41,Nordeste,33,1101.33,2,6.35,7,3,2,27.81,1,4,4,3.2,6
63,Sudeste,94,561.21,1,4.34,9,8,0,39.86,1,2,3,6.2,4
50,Norte,80,225.87,1,11.69,6,13,2,20.35,2,5,4,1.3,7
51,Sudeste,5,229.87,2,103.25,7,5,0,50.33,3,0,0,7.6,2
23,Centro-Oeste,113,445.63,5,65.13,4,5,1,36.83,1,0,5,9.1,2
20,Centro-Oeste,25,49.35,4,23.17,8,11,1,54.88,2,2,6,4.1,4
51,Norte,49,51.11,2,59.81,3,10,0,40.03,1,1,9,4.0,3
28,Centro-Oeste,44,788.55,4,50.42,7,12,3,26.29,1,1,11,1.5,5
38,Nordeste,26,496.26,3,33.99,10,14,3,45.66,2,2,2,6.2,5
56,Sul,38,324.18,5,1.37,3,3,4,42.46,3,2,11,1.8,5
59,Sudeste,48,572.01,6,14.77,1,10,1,32.66,2,0,9,6.1,1
41,Norte,52,971.7,3,27.64,7,8,0,55.05,1,3,0,8.4,5
64,Sudeste,64,466.64,2,40.15,3,4,3,49.22,1,4,2,1.6,8
19,Sul,45,118.34,6,45.14,7,4,3,51.67,3,1,6,2.9,3
53,Norte,55,443.93,2,44.28,3,2,2,27.08,2,2,0,5.6,6
47,Centro-Oeste,48,470.3,5,30.46,8,5,1,32.18,3,1,2,6.7,5
44,Sul,12,136.78,3,9.01,5,6,5,22.33,1,0,10,1.3,4
24,Centro-Oeste,95,576.06,5,47.06,6,4,1,23.26,2,1,4,3.3,4
18,Centro-Oeste,17,552.38,4,1.56,2,6,2,35.54,2,0,4,4.4,2
57,Sudeste,82,535.94,5,37.63,8,13,5,36.94,1,1,10,0.0,3
40,Nordeste,96,722.97,6,6.81,6,2,1,9.28,3,0,10,5.3,3
24,Sul,91,684.57,6,25.1,2,4,2,22.41,2,2,3,2.6,5
34,Centro-Oeste,70,382.88,5,69.09,8,14,0,50.28,3,2,10,5.3,4
45,Centro-Oeste,92,562.8,2,9.95,11,8,4,33.53,1,2,11,0.9,5
37,Norte,116,117.91,3,9.47,6,5,0,43.12,1,2,9,6.4,5
48,Centro-Oeste,105,264.11,2,5.37,10,11,3,35.01,3,1,10,1.5,7
49,Nordeste,95,259.39,1,8.78,5,2,5,56.7,3,0,0,3.9,4
55,Sul,22,1826.22,2,58.33,6,4,0,43.97,2,1,1,8.9,1
20,Centro-Oeste,59,565.66,4,25.04,1,8,1,23.7,2,2,4,8.5,4
34,Norte,28,196.84,6,5.52,2,2,4,41.18,1,2,8,2.4,4
60,Norte,113,511.9,5,33.07,2,2,1,32.63,2,1,1,6.3,2
37,Sudeste,100,588.29,3,2.18,9,2,1,43.77,1,1,1,7.1,2
48,Sul,113,215.74,3,5.73,10,6,2,35.48,3,3,4,5.0,6
26,Centro-Oeste,9,94.64,3,48.72,1,9,0,39.74,3,0,3,10.0,1
40,Centro-Oeste,72,277.69,1,64.51,10,5,2,41.87,1,3,2,2.3,7
49,Sul,98,100.37,2,0.43,10,6,4,42.46,3,2,11,5.0,4
41,Nordeste,76,157.4,4,43.98,1,3,1,64.8,2,2,1,1.3,5
26,Sul,110,474.72,4,67.29,11,7,5,20.34,3,3,10,0.0,6
47,Sudeste,95,175.25,4,58.83,2,9,1,37.18,1,1,2,8.5,4
38,Sudeste,100,370.99,1,23.05,11,4,3,33.71,1,0,2,4.0,4
69,Sudeste,105,466.79,6,0.55,2,9,3,33.27,2,1,9,4.5,3
40,Sudeste,54,691.21,6,3.67,4,8,2,60.21,1,2,6,3.7,5
45,Centro-Oeste,7,354.57,1,8.33,8,4,1,41.3,2,1,5,6.7,3
63,Sudeste,103,195.02,6,23.53,8,10,2,26.28,2,1,2,4.8,4
23,Norte,116,284.14,5,38.98,4,4,4,49.83,2,3,11,0.7,6
37,Sul,8,60.53,1,0.23,10,13,3,25.95,2,0,5,5.6,3
32,Centro-Oeste,87,1668.29,4,6.11,2,10,4,6.69,2,0,6,4.8,2
67,Sudeste,85,305.52,2,13.71,3,2,2,35.97,3,2,0,6.4,4
69,Centro-Oeste,109,208.31,2,0.46,2,12,2,38.89,2,0,8,0.0,4
44,Norte,54,551.6,6,38.22,4,10,0,37.64,2,3,9,5.1,6
52,Centro-Oeste,27,181.23,1,19.73,3,9,4,28.6,2,0,6,2.5,3
38,Sul,13,825.22,6,40.39,10,10,2,32.84,2,0,11,7.9,1
57,Sul,52,1230.69,4,1.89,4,14,3,42.3,1,3,4,0.0,6
69,Norte,41,218.24,2,5.93,4,3,0,37.24,2,4,5,6.8,5
29,Nordeste,113,688.33,1,46.3,4,8,0,44.52,2,0,5,7.3,3
39,Sudeste,3,220.26,2,2.95,6,4,2,34.64,2,3,10,2.4,7
22,Nordeste,20,560.06,5,2.76,5,2,4,16.11,1,1,2,1.0,4
18,Norte,116,492.59,2,2.46,3,12,2,55.57,2,2,7,1.2,5
58,Norte,11,1396.51,6,16.52,8,3,3,62.57,3,1,7,0.4,4
66,Centro-Oeste,57,39.17,4,38.59,9,13,2,41.58,2,2,9,4.3,5
45,Centro-Oeste,98,191.39,1,12.9,4,7,7,59.1,3,1,2,0.3,4
20,Nordeste,44,756.14,5,114.99,4,3,4,51.66,3,4,4,2.4,7
49,Centro-Oeste,112,373.64,6,31.31,1,14,2,19.46,3,0,2,7.2,2
67,Sul,66,222.92,6,17.1,7,9,2,45.11,1,2,0,5.2,5
55,Nordeste,97,207.11,4,18.09,11,13,1,31.76,3,1,10,4.7,3
29,Centro-Oeste,7,149.9,2,34.58,11,11,2,37.97,3,0,7,7.0,2
23,Sul,95,372.87,5,64.61,7,3,5,52.56,1,0,8,0.5,2
53,Sudeste,92,336.21,1,6.81,8,8,2,33.88,2,0,1,9.1,2
38,Nordeste,106,150.59,5,15.04,4,13,3,41.22,1,0,2,5.4,3
68,Sul,59,82.45,3,57.8,2,4,4,52.47,2,2,1,2.4,6
43,Nordeste,105,205.41,4,18.64,11,8,1,36.98,1,0,11,8.7,1
20,Nordeste,27,327.13,6,33.91,7,13,1,65.46,1,2,9,3.0,4
63,Sul,81,430.53,1,35.25,10,11,7,42.29,1,1,10,0.0,4
19,Norte,91,500.29,4,23.32,7,13,5,23.36,3,0,4,0.0,3
60,Sudeste,78,504.14,2,8.9,7,4,3,21.85,1,0,3,3.9,3
26,Norte,13,259.45,5,0.06,11,7,2,20.71,3,2,4,5.3,4
55,Sul,34,143.97,6,33.99,2,14,1,40.01,2,1,4,3.9,4
58,Centro-Oeste,90,777.3,1,20.5,9,5,5,35.0,3,5,6,0.0,7
67,Nordeste,63,204.86,2,6.9,7,12,3,46.76,3,2,11,5.2,4
69,Nordeste,26,809.46,4,11.19,6,12,1,25.73,3,1,6,6.4,2
34,Sul,25,397.06,2,46.37,3,4,4,33.63,3,1,8,0.5,5
38,Sul,113,329.93,4,3.31,7,7,0,38.85,3,2,9,7.6,2
38,Sul,112,190.64,4,105.31,3,4,0,41.36,3,0,6,6.1,1
60,Sul,1,723.87,1,69.39,4,2,2,38.7,3,1,8,4.2,3
58,Nordeste,20,315.96,3,2.24,10,11,1,32.44,1,1,7,4.9,5
68,Sudeste,15,359.35,3,20.38,2,4,1,55.22,3,2,4,2.0,4
52,Sul,21,764.43,3,4.78,3,3,4,52.18,2,0,0,6.1,2
51,Norte,92,244.52,2,6.12,7,2,2,58.48,1,0,6,7.2,3
20,Sul,114,108.6,3,1.08,4,5,1,36.61,3,0,11,3.3,2
37,Nordeste,99,310.79,6,8.4,2,11,1,44.14,1,1,2,4.7,4
66,Sul,13,162.0,5,20.57,7,2,2,58.27,1,2,4,4.9,4
39,Sudeste,84,296.71,1,15.31,1,7,3,56.46,1,3,4,2.9,5
41,Nordeste,84,395.57,4,28.52,8,10,0,35.2,2,2,4,6.2,2
60,Centro-Oeste,4,374.67,4,42.72,1,9,3,48.67,2,2,0,3.8,4
66,Nordeste,108,555.83,5,30.85,8,7,3,47.55,3,2,2,2.6,6
46,Norte,60,663.22,5,4.76,3,5,4,45.32,1,3,6,2.3,6
29,Centro-Oeste,94,499.55,4,8.28,8,5,1,31.73,3,1,5,7.7,4
52,Norte,95,819.13,2,10.11,2,11,1,44.86,2,3,5,4.3,7
40,Centro-Oeste,41,339.39,3,35.53,3,11,4,57.96,1,5,5,0.0,7
31,Norte,4,885.1,6,11.54,1,8,2,55.21,3,0,4,7.2,1
48,Sudeste,118,87.65,1,42.86,9,2,1,29.91,3,1,9,4.5,3
56,Centro-Oeste,63,419.32,3,6.0,8,3,4,43.58,2,0,3,5.5,3
41,Centro-Oeste,102,578.71,5,14.87,3,2,2,46.02,1,0,5,6.5,2
57,Centro-Oeste,49,893.47,3,2.47,1,11,3,30.3,1,2,3,1.4,4
68,Norte,19,613.83,3,3.05,2,11,2,40.42,1,1,2,6.5,3
51,Centro-Oeste,13,625.19,3,58.46,7,8,0,38.54,1,0,3,9.7,1
56,Centro-Oeste,80,599.17,4,4.89,10,7,1,41.45,2,1,4,5.7,7
33,Norte,20,629.58,1,12.21,4,10,2,45.29,3,0,1,7.0,3
18,Sudeste,72,89.59,1,18.17,1,11,0,43.19,3,1,8,5.0,4
39,Nordeste,11,608.13,3,39.51,9,13,4,36.14,2,2,11,1.1,4
31,Centro-Oeste,21,616.66,3,24.83,3,11,2,35.46,1,0,7,3.4,6
52,Norte,111,794.83,1,28.86,4,9,2,34.73,2,3,3,5.4,6
31,Sul,119,882.62,2,31.67,5,12,0,30.2,3,2,1,8.0,2
67,Sudeste,28,371.71,3,3.26,3,10,3,31.83,2,2,8,2.8,6
20,Centro-Oeste,80,206.37,3,4.01,7,12,2,33.5,3,0,2,3.4,2
23,Centro-Oeste,39,367.96,2,15.12,5,12,2,33.31,2,3,7,2.4,5
62,Centro-Oeste,67,830.23,3,15.41,3,6,2,55.98,3,2,0,5.2,5
28,Sul,95,533.7,6,31.85,5,2,3,30.66,2,1,11,2.0,3
54,Sul,30,66.57,1,21.54,4,2,4,22.62,2,1,11,1.6,4
44,Centro-Oeste,8,909.62,4,0.77,11,10,2,31.37,2,1,11,2.4,4
46,Sudeste,113,351.66,6,20.89,6,11,2,58.14,1,1,9,4.5,4
28,Nordeste,32,1461.91,6,23.92,11,13,1,54.99,2,0,8,7.9,1
19,Sul,76,489.59,6,39.27,8,8,4,53.25,1,3,10,2.8,6
29,Centro-Oeste,75,245.97,2,29.13,3,5,5,47.44,2,1,7,0.0,5
41,Norte,63,497.23,4,8.73,3,9,1,35.14,3,4,4,3.3,9
41,Centro-Oeste,59,587.06,5,18.96,2,11,2,62.51,1,0,1,7.5,1
50,Centro-Oeste,34,1126.92,6,48.74,8,4,3,43.7,2,2,9,2.1,7
35,Sudeste,110,701.83,1,59.58,11,9,3,42.8,3,0,11,4.6,2
57,Nordeste,20,94.62,4,45.77,1,3,5,36.95,3,1,10,0.0,4
38,Sul,36,399.95,6,2.85,4,4,0,42.29,1,4,9,4.5,7
39,Norte,35,101.28,6,5.3,7,7,0,35.49,2,2,7,5.7,4
36,Sudeste,6,164.11,2,18.91,6,8,1,30.45,1,1,11,7.5,2
19,Sudeste,109,204.54,6,31.81,9,5,1,27.54,2,1,9,8.2,3
34,Sudeste,4,1342.93,2,14.83,4,6,2,40.46,2,1,10,6.4,5
57,Sudeste,44,386.87,3,0.6,4,9,3,36.63,1,1,11,2.1,3
68,Sudeste,84,628.69,4,47.48,5,2,4,40.79,1,2,2,2.2,5
21,Sudeste,46,166.63,2,53.43,9,8,4,35.3,1,0,6,1.9,6
27,Nordeste,31,419.69,2,18.84,8,14,1,32.73,3,1,0,5.6,7
60,Nordeste,2,1257.6,4,19.62,9,7,1,25.23,3,0,4,5.2,2
31,Norte,112,401.35,3,85.02,3,11,0,46.33,1,3,10,6.5,4
31,Sudeste,70,791.46,1,10.45,8,6,3,40.06,2,2,4,3.5,4
43,Sul,115,199.51,5,2.52,4,8,1,41.86,3,1,10,5.9,5
28,Sudeste,39,498.08,5,28.99,7,12,3,40.71,1,1,9,3.0,3
42,Norte,27,416.92,3,11.88,3,10,3,48.69,1,0,10,5.7,4
48,Norte,31,28.5,4,3.17,1,7,4,36.46,2,1,3,1.6,3
48,Norte,38,65.76,4,3.21,9,14,2,37.14,2,0,7,3.9,3
48,Norte,49,654.59,2,77.13,8,6,3,39.92,2,2,4,0.8,6
60,Sul,26,278.11,6,29.09,2,6,4,32.46,3,2,1,3.9,6
53,Centro-Oeste,7,214.0,6,5.39,3,13,3,23.47,2,2,6,6.4,6
42,Nordeste,74,488.17,6,2.58,11,14,3,43.77,2,0,3,7.4,2
48,Norte,12,301.48,2,9.62,8,11,0,15.01,3,2,9,5.0,4
40,Sul,115,276.6,1,20.51,3,9,2,46.01,2,2,0,4.6,7
59,Nordeste,73,732.03,4,5.86,6,6,0,25.16,1,4,7,2.3,8
31,Norte,83,985.11,6,16.69,10,10,1,52.66,2,1,10,1.1,3
67,Sudeste,18,350.38,5,24.97,10,4,2,53.36,1,0,0,5.8,4
34,Norte,80,544.91,1,4.56,5,8,2,50.46,3,0,2,7.2,2
23,Sudeste,69,295.11,2,93.08,2,5,2,2.87,1,0,3,5.8,2
22,Norte,75,245.36,6,12.06,10,12,0,39.07,2,0,7,5.0,1
36,Nordeste,46,277.89,5,32.12,8,10,5,22.46,1,2,3,1.6,5
55,Centro-Oeste,42,111.3,4,20.05,2,7,3,26.39,2,1,11,1.4,3
60,Sul,42,96.41,1,81.15,10,5,1,48.83,2,2,8,5.5,4
29,Sudeste,45,385.19,5,21.34,5,14,4,42.09,2,1,1,0.0,4
52,Centro-Oeste,45,339.28,5,13.64,8,3,4,6.13,3,4,6,0.0,6
32,Sul,97,217.15,3,22.53,8,2,6,30.65,3,3,3,0.2,6
53,Sudeste,68,350.52,1,11.39,4,2,2,48.5,3,3,8,3.3,5
39,Sul,58,233.82,3,9.16,8,3,1,56.32,3,2,1,8.5,3
30,Sudeste,17,354.6,5,32.14,5,8,3,54.52,3,2,11,6.7,3
63,Sul,85,708.67,6,57.14,6,6,1,53.31,3,0,7,5.4,2
31,Norte,27,509.91,4,0.78,2,9,2,46.51,2,0,7,0.8,3
23,Sul,67,290.32,1,15.3,6,11,5,32.97,3,0,0,5.8,4
28,Nordeste,36,423.06,5,0.62,10,6,1,31.59,1,2,11,4.6,5
47,Norte,40,457.72,5,91.11,8,14,1,48.77,1,3,2,4.2,5
20,Sudeste,19,953.2,2,19.67,11,12,2,39.52,3,2,3,3.3,4
26,Centro-Oeste,93,563.3,6,14.66,6,12,5,37.95,3,1,4,1.9,4
32,Sul,89,182.71,2,15.34,5,5,4,20.27,1,3,10,1.0,6
24,Centro-Oeste,114,419.75,1,29.56,10,8,4,30.72,1,4,3,2.8,7
21,Norte,61,314.68,3,12.26,11,6,0,31.54,3,0,2,7.1,1
49,Sul,81,225.68,3,25.41,8,10,2,63.8,1,5,2,3.1,7
29,Norte,32,34.42,6,6.89,4,5,3,33.23,1,1,10,5.2,3
42,Nordeste,93,80.39,6,16.11,4,6,6,47.56,1,2,7,0.0,5
49,Sul,23,454.98,6,15.8,10,5,4,49.35,2,1,8,4.6,4
32,Centro-Oeste,77,421.44,1,4.7,10,13,0,39.67,1,1,5,7.6,1
47,Sudeste,109,199.72,1,62.48,4,11,3,36.06,2,1,1,4.9,4
44,Norte,86,835.91,3,0.06,6,5,2,45.96,2,1,10,2.9,4
67,Nordeste,23,604.69,6,7.52,3,5,3,41.7,2,2,10,2.5,4
25,Norte,33,996.42,3,9.6,8,4,4,39.62,2,4,6,0.8,8
44,Centro-Oeste,9,1075.37,2,0.87,11,7,0,26.33,3,0,6,8.0,0
32,Centro-Oeste,26,555.84,2,28.78,1,13,3,40.1,3,0,3,7.3,3
23,Sul,19,678.17,1,0.35,4,13,1,32.05,2,0,2,10.0,1
66,Centro-Oeste,28,605.25,5,16.65,7,14,2,32.12,2,2,4,6.3,4
68,Norte,111,349.57,3,42.01,10,2,2,39.17,2,3,9,0.0,7
50,Norte,17,240.84,4,11.99,10,8,4,22.31,2,2,9,2.2,5
38,Sul,80,674.77,3,33.68,11,3,0,49.3,1,4,9,2.9,6
41,Nordeste,72,695.21,6,169.16,8,8,2,45.22,2,3,6,6.1,4
40,Nordeste,68,659.68,6,10.37,3,4,0,38.28,3,2,7,5.3,3
57,Centro-Oeste,39,994.43,4,2.77,2,13,1,23.66,1,1,0,6.8,3
31,Sudeste,50,274.62,6,24.86,4,3,2,47.91,2,1,1,5.0,4
56,Nordeste,7,501.43,5,66.56,2,14,3,23.44,1,1,5,3.7,4
41,Sudeste,78,152.37,4,25.46,9,9,2,40.05,1,0,5,2.4,4
58,Nordeste,108,869.29,2,52.08,7,14,0,52.17,3,2,3,9.1,2
48,Sudeste,77,451.14,3,26.16,6,13,1,45.59,1,1,5,7.1,2
60,Norte,94,93.21,4,2.75,10,4,5,49.82,1,4,4,0.6,6
20,Centro-Oeste,88,391.66,4,22.93,1,12,2,25.72,2,1,11,4.1,4
64,Centro-Oeste,16,496.66,1,33.57,6,11,1,22.2,1,3,10,2.5,5
38,Sudeste,98,203.27,3,38.32,7,12,4,51.35,3,1,2,5.3,5
37,Centro-Oeste,27,636.38,5,5.54,10,2,3,42.42,2,1,1,4.5,4
45,Nordeste,95,285.22,3,67.41,8,10,1,45.55,3,1,1,4.5,3
54,Nordeste,8,1153.51,6,8.41,4,11,3,42.75,3,1,4,4.4,3
22,Sul,73,482.6,3,38.71,10,13,0,46.71,1,1,4,7.0,1
33,Sul,81,881.79,2,19.99,11,3,1,40.24,1,3,0,2.3,9
44,Norte,72,843.31,2,14.23,8,12,0,35.35,1,1,6,5.2,3
40,Sudeste,60,251.26,3,31.4,4,5,4,61.84,3,3,4,0.0,6
49,Sul,83,784.82,3,33.17,8,14,3,18.63,2,1,3,1.3,3
47,Nordeste,28,352.41,2,17.58,6,5,5,21.67,2,3,2,0.9,5
23,Norte,72,667.41,4,13.65,10,6,3,60.1,3,0,11,2.1,2
24,Sudeste,84,585.2,4,22.78,2,7,3,27.12,3,0,8,6.7,3
32,Sudeste,56,150.6,6,11.11,11,3,2,33.22,3,3,8,3.3,6
35,Sudeste,86,864.81,5,7.16,1,4,3,22.18,2,2,4,6.2,3
58,Centro-Oeste,80,266.26,4,16.63,9,6,1,35.55,1,2,2,3.4,4
63,Sul,115,247.4,3,7.97,4,10,1,50.9,1,1,2,6.1,3
32,Sul,53,432.54,5,38.67,9,14,1,33.17,1,0,10,5.7,4
20,Centro-Oeste,44,352.13,1,98.54,3,3,2,21.14,3,0,0,7.1,2
68,Centro-Oeste,94,670.2,1,90.22,3,13,0,30.68,3,4,10,3.2,8
24,Nordeste,56,429.21,1,67.98,8,2,2,25.87,1,2,9,4.6,5
60,Nordeste,10,142.25,3,5.39,9,13,0,38.35,3,1,2,6.1,3
51,Sudeste,83,553.67,4,0.04,6,13,1,25.93,2,1,3,6.1,4
48,Centro-Oeste,90,417.17,2,17.56,1,4,2,39.14,2,0,1,7.8,1
18,Sudeste,51,113.92,3,48.81,9,7,0,42.36,1,1,8,6.1,1
23,Norte,11,137.54,3,20.85,10,2,3,32.97,1,0,5,4.2,2
47,Sul,91,497.48,1,13.11,2,12,3,31.82,2,2,2,1.7,4
20,Norte,49,974.57,2,0.74,7,9,2,25.14,1,1,3,4.6,4
31,Nordeste,109,657.9,1,6.58,10,6,2,22.92,3,1,9,7.4,2
68,Nordeste,78,87.57,1,0.78,11,2,1,17.86,3,1,9,4.1,4
22,Nordeste,82,491.95,4,26.06,6,8,3,29.74,1,0,0,4.8,4
60,Sul,68,638.46,6,1.97,3,12,2,36.67,1,1,10,1.9,3
40,Nordeste,62,610.28,5,68.87,10,3,0,25.93,2,0,9,7.8,0
44,Centro-Oeste,82,323.03,4,15.4,9,3,3,28.96,1,2,4,3.3,6
21,Sul,17,719.29,3,10.24,1,4,3,15.23,3,0,2,7.6,2
22,Centro-Oeste,33,357.18,3,62.8,4,13,2,37.93,1,1,8,1.8,5
29,Norte,100,605.59,4,3.03,10,5,0,39.59,1,0,2,6.7,0
32,Sudeste,71,315.43,2,5.95,11,8,0,48.75,3,0,8,9.1,1
50,Sudeste,30,1044.83,4,5.89,2,4,1,27.55,3,2,8,7.1,3
43,Centro-Oeste,83,1079.8,5,3.03,2,4,1,22.26,1,1,3,9.3,2
24,Nordeste,101,303.23,1,7.05,11,11,2,46.22,1,5,4,2.7,8
41,Sul,89,203.38,2,71.48,2,10,1,38.52,2,3,11,3.2,8
37,Centro-Oeste,45,375.02,1,21.53,7,8,2,47.51,2,1,5,4.4,3
58,Sul,97,522.59,2,1.4,10,9,1,27.01,1,0,10,7.6,1
42,Sudeste,8,648.74,3,53.59,6,12,3,53.68,3,1,8,0.8,6
37,Sudeste,60,206.5,3,24.41,6,12,1,43.45,2,2,3,7.0,3
34,Sudeste,87,176.71,4,24.92,3,13,1,15.82,3,4,3,4.6,7
44,Nordeste,53,855.72,5,95.94,6,6,1,35.42,3,2,9,6.6,4
53,Centro-Oeste,80,247.42,1,20.26,9,12,3,38.31,2,4,0,0.1,8
52,Nordeste,71,397.73,3,2.47,6,9,4,29.41,3,0,8,3.1,3
65,Sudeste,43,1410.34,1,87.38,10,5,2,41.69,1,3,3,1.9,5
26,Sudeste,113,525.67,2,109.29,5,8,1,48.19,1,2,1,5.2,5
46,Norte,87,506.53,6,2.69,8,11,1,31.43,3,1,1,8.6,4
34,Centro-Oeste,14,859.92,6,133.02,10,13,4,37.92,3,0,1,3.6,4
24,Sudeste,39,544.17,6,60.98,7,9,3,27.71,3,2,10,1.2,4
65,Centro-Oeste,80,454.29,5,74.57,4,12,1,49.77,1,1,4,5.0,5
30,Sudeste,114,1248.46,5,59.49,11,4,4,65.58,3,1,10,2.7,3
35,Norte,118,537.47,4,0.63,9,2,4,41.58,3,0,6,1.6,2
57,Centro-Oeste,79,225.33,3,179.99,6,14,0,59.57,3,2,8,4.5,4
51,Sul,30,666.34,2,43.94,9,2,2,39.84,3,1,4,3.9,3
28,Centro-Oeste,99,1095.19,5,43.47,11,9,0,70.01,2,3,8,7.7,3
31,Centro-Oeste,116,39.87,2,58.17,7,5,0,30.57,3,0,5,8.7,1
69,Norte,45,294.35,5,124.56,1,5,1,48.81,1,1,1,6.7,5
33,Nordeste,46,286.08,5,29.58,4,10,7,56.05,3,1,4,0.9,5
60,Sul,3,98.9,5,36.1,6,12,1,35.82,3,0,7,4.9,3
36,Sudeste,103,477.73,2,22.94,8,3,3,54.52,3,0,3,0.9,2
26,Centro-Oeste,58,1775.08,2,39.88,5,11,1,43.62,1,1,3,4.9,3
46,Sudeste,22,748.2,3,63.62,4,7,4,27.94,3,2,3,1.7,6
26,Norte,61,1164.08,1,12.96,8,7,0,42.24,2,2,10,6.1,2
19,Norte,88,197.07,3,11.56,5,6,3,42.61,1,2,1,5.5,6
57,Sul,62,537.69,3,42.91,6,9,3,23.28,1,0,5,6.9,2
24,Sudeste,47,191.86,3,26.5,3,13,4,25.15,3,0,7,3.9,4
53,Norte,111,382.79,3,13.93,9,7,0,18.55,1,0,4,8.7,1
38,Centro-Oeste,93,422.07,6,94.74,6,10,0,33.64,2,3,1,5.2,7
40,Sudeste,38,553.67,6,22.68,9,14,5,50.23,1,1,4,3.3,5
53,Nordeste,31,922.6,1,8.98,1,8,3,38.22,2,3,5,2.4,5
48,Sul,92,960.39,5,14.96,6,6,1,49.12,3,3,1,5.8,7
45,Nordeste,111,670.27,4,40.0,11,6,1,21.28,3,1,4,4.6,4
33,Sudeste,55,442.57,2,26.19,8,7,1,35.59,2,3,3,7.4,5
42,Norte,80,686.6,1,42.46,6,4,3,38.5,3,2,0,4.9,6
53,Nordeste,2,285.98,4,2.03,10,3,3,36.07,1,2,11,0.5,5
26,Sul,76,66.67,6,20.46,2,11,1,36.07,1,1,11,5.4,3
20,Sul,89,267.76,4,4.56,6,11,1,48.31,3,2,9,3.4,7
27,Nordeste,92,431.56,2,10.09,11,14,3,36.02,2,0,8,3.4,4
53,Sudeste,94,848.29,2,29.7,7,8,1,37.02,3,0,10,6.1,3
26,Norte,39,454.09,3,38.58,5,9,1,30.62,1,1,3,7.0,3
18,Sudeste,117,660.3,6,51.57,7,4,2,32.19,1,4,6,1.0,6
18,Sudeste,105,396.01,1,112.15,4,13,2,44.93,2,2,9,7.6,4
26,Sul,12,154.21,3,16.65,11,14,2,58.18,3,2,4,3.0,6
44,Nordeste,35,853.23,2,36.04,1,11,2,38.71,1,3,8,3.2,6
48,Sul,5,298.11,3,14.29,4,6,0,36.42,2,3,4,7.9,4
20,Centro-Oeste,6,327.13,1,53.02,2,4,2,49.03,3,2,11,6.6,5
60,Nordeste,37,755.52,4,5.16,9,5,1,40.59,2,3,9,5.9,5
36,Nordeste,39,677.21,1,23.64,2,10,3,45.25,1,1,11,2.2,3
50,Centro-Oeste,77,462.99,3,1.92,1,8,0,30.11,2,3,1,4.8,5
23,Norte,107,1168.02,3,17.6,7,8,3,40.56,1,5,1,3.5,7
43,Nordeste,11,591.83,2,23.01,6,2,2,47.96,1,2,1,3.9,4
63,Centro-Oeste,47,410.21,4,74.57,4,13,1,26.16,3,1,6,10.0,3
67,Norte,81,568.61,3,42.19,4,11,1,46.85,2,4,9,4.6,7
60,Centro-Oeste,99,334.15,2,1.42,9,10,2,46.29,2,3,4,2.7,5
69,Nordeste,96,270.6,3,14.26,6,12,2,21.52,1,6,10,0.3,8
67,Norte,104,213.17,1,27.89,1,6,0,54.09,3,0,6,5.4,2
41,Sul,101,335.21,3,5.99,10,12,1,34.0,3,2,3,9.4,4
37,Nordeste,9,352.13,4,57.69,7,5,4,36.79,2,3,2,2.8,7
69,Norte,112,705.5,2,22.01,5,7,5,46.25,1,0,4,2.4,4
69,Nordeste,92,914.11,2,27.15,2,12,1,36.21,3,0,7,9.3,1
59,Nordeste,31,587.11,5,7.26,8,6,2,21.01,1,0,2,5.1,2
30,Norte,91,202.48,3,23.26,6,4,1,39.75,2,1,3,9.6,3
35,Sul,47,194.03,2,66.69,7,4,3,15.05,3,1,9,4.4,5
46,Sudeste,76,246.43,2,15.33,8,5,1,32.31,2,0,2,5.3,5
46,Nordeste,92,355.29,1,10.24,4,13,1,41.51,1,3,1,6.6,6
58,Centro-Oeste,46,80.57,5,16.79,2,13,2,47.61,3,3,4,6.2,6
64,Centro-Oeste,114,183.02,2,5.66,1,8,0,43.89,1,1,8,5.0,2
33,Nordeste,20,146.01,2,99.34,5,9,2,20.01,3,1,3,7.1,3
21,Norte,21,1096.16,3,12.13,8,12,3,51.3,2,2,4,2.5,4
61,Nordeste,101,669.42,6,3.74,7,7,1,56.54,3,2,0,6.8,3
64,Centro-Oeste,20,437.14,3,4.83,11,8,3,34.23,1,2,1,1.1,5
47,Sul,17,240.26,1,24.33,5,10,4,45.68,1,3,9,0.0,5
28,Nordeste,46,131.35,5,4.92,9,12,0,38.84,2,5,0,7.0,6
18,Sul,16,212.56,1,17.78,7,9,1,60.49,1,0,0,8.1,1
64,Sudeste,91,943.87,2,72.92,11,11,2,48.08,3,2,1,5.7,6
45,Norte,45,263.29,2,0.29,11,2,2,38.0,2,5,9,3.2,7
25,Sudeste,77,495.99,4,1.15,5,3,2,56.66,3,1,5,3.5,3
27,Norte,112,171.07,5,21.51,4,12,5,56.26,3,1,7,0.7,4
23,Sudeste,45,323.6,3,26.73,4,10,3,44.97,3,3,8,0.4,5
56,Nordeste,93,1079.2,4,35.65,9,12,2,41.87,1,0,5,9.5,4
45,Sul,57,533.08,6,5.45,7,9,1,9.67,1,5,5,4.3,8
55,Nordeste,86,252.97,3,19.83,11,13,2,30.24,1,0,7,5.3,2
32,Nordeste,37,309.42,5,12.45,9,11,1,43.55,1,3,7,4.1,6
61,Sul,68,400.57,6,6.21,1,5,0,29.36,3,0,3,8.1,1
43,Centro-Oeste,97,313.84,6,10.82,11,7,3,18.31,2,0,1,5.1,4
56,Norte,64,237.6,1,2.7,3,4,2,40.94,1,0,7,6.4,2
69,Norte,43,178.55,6,4.1,4,2,3,28.95,1,0,6,3.4,2
64,Centro-Oeste,25,802.36,6,127.73,10,3,0,56.31,2,2,11,7.7,3
22,Nordeste,79,412.31,1,115.2,7,8,3,20.64,2,1,3,3.7,4
20,Nordeste,74,278.49,6,26.36,9,2,3,49.74,1,2,2,1.0,4
57,Sudeste,48,922.81,4,18.2,9,11,1,39.85,1,2,10,5.2,5
30,Nordeste,88,831.2,1,143.16,11,2,3,35.4,3,4,10,3.1,6
35,Sul,52,494.35,1,4.78,9,9,4,46.28,3,1,10,0.1,4
67,Norte,104,1113.83,4,16.97,8,2,5,61.78,2,2,8,3.3,5
46,Centro-Oeste,110,624.01,5,53.09,2,8,1,49.39,1,0,8,5.7,3
41,Centro-Oeste,80,244.92,6,0.38,2,7,5,48.26,2,2,8,1.3,6
35,Norte,37,106.19,6,67.64,8,5,2,30.83,1,1,8,2.9,4
68,Centro-Oeste,35,272.27,2,45.75,1,2,2,44.38,1,0,2,8.4,1
34,Nordeste,45,209.19,3,1.25,9,12,0,45.8,2,3,4,4.7,5
57,Sul,79,148.33,3,14.65,2,12,5,19.29,1,0,9,0.2,4
49,Nordeste,64,372.5,3,8.61,11,9,2,33.01,3,3,1,6.4,7
53,Nordeste,52,339.06,3,35.84,3,8,1,42.91,1,2,7,6.0,4
23,Norte,11,716.94,2,47.16,6,10,2,48.38,1,0,3,7.0,4
39,Sudeste,85,19.28,1,24.08,3,3,6,27.06,3,1,6,2.3,5
33,Centro-Oeste,70,125.83,3,70.22,1,2,0,30.99,3,1,0,9.2,1
54,Sudeste,16,392.77,6,4.25,1,14,4,48.55,2,2,7,4.4,4
27,Centro-Oeste,103,139.01,1,65.76,9,5,0,39.19,1,1,8,3.2,3
59,Sul,34,58.08,1,10.26,3,3,3,43.88,1,1,2,6.4,2
45,Sul,113,511.39,6,22.93,2,10,0,30.45,3,0,7,4.6,2
60,Sul,29,594.53,4,7.83,11,14,3,38.83,3,2,7,2.9,5
25,Sudeste,112,461.41,5,109.28,1,11,3,42.34,2,0,7,5.5,4
44,Norte,64,397.4,4,55.68,5,11,1,47.16,3,2,8,3.2,5
54,Nordeste,34,149.63,5,70.5,10,14,4,17.88,2,3,11,0.0,6
59,Sul,93,592.11,4,84.81,1,4,2,25.85,1,3,2,2.8,5
60,Sul,97,1363.98,1,26.4,8,10,2,23.61,2,3,8,7.0,4
42,Sul,68,912.45,5,16.92,10,2,4,42.95,2,2,5,3.4,4
59,Nordeste,65,420.19,2,25.33,7,4,4,48.75,2,2,2,3.2,6
44,Sul,45,277.26,3,54.44,6,8,3,42.2,3,3,8,1.6,7
35,Nordeste,88,604.68,1,9.47,3,3,3,41.71,1,2,9,2.0,5
20,Sudeste,60,510.24,1,39.35,10,13,1,49.11,2,4,9,2.3,8
51,Nordeste,23,328.82,1,0.75,7,13,0,47.72,1,0,5,8.1,0
30,Sul,113,526.69,5,10.9,9,13,5,45.11,1,1,2,0.0,5
48,Sul,5,33.29,3,41.89,2,12,3,29.92,2,0,2,8.6,2
31,Centro-Oeste,97,556.18,2,25.01,9,2,5,53.27,2,2,6,0.8,6
52,Nordeste,22,721.52,4,111.71,1,3,1,16.65,1,0,8,4.8,4
68,Sul,118,352.41,6,46.65,2,2,2,29.6,1,2,11,5.1,4
65,Nordeste,63,373.68,2,18.85,3,13,1,34.5,1,1,1,7.9,3
67,Sul,22,1231.91,5,27.43,7,10,1,67.91,3,4,8,4.2,6
46,Sul,100,334.05,3,8.24,1,6,0,51.93,1,2,6,3.8,3
32,Norte,44,58.49,5,18.62,4,5,0,29.77,3,1,7,6.8,4
47,Centro-Oeste,45,283.67,5,2.08,8,8,4,51.2,2,2,1,1.4,7
30,Norte,108,672.26,6,1.12,8,9,0,64.07,3,1,7,8.0,3
61,Sul,52,80.93,5,39.04,4,7,2,46.99,2,3,6,4.0,5
29,Norte,89,1196.04,1,11.73,9,13,2,51.78,2,0,4,4.9,2
39,Nordeste,15,290.71,5,63.27,11,3,1,40.71,3,1,9,4.8,3
23,Centro-Oeste,4,320.58,5,17.96,10,10,3,36.7,2,2,0,4.8,5
24,Nordeste,25,432.46,2,19.32,10,9,4,45.81,1,2,8,4.4,4
47,Sul,43,280.34,2,3.04,8,3,2,41.72,3,1,4,6.8,4
49,Norte,78,378.25,3,9.49,9,6,1,41.39,1,4,0,6.6,6
55,Centro-Oeste,82,621.1,2,53.62,10,2,1,37.52,2,1,5,5.9,3
18,Sul,75,374.21,1,56.94,4,12,4,65.91,3,1,2,1.3,5
53,Sul,31,685.38,2,17.01,10,7,2,39.49,2,1,6,4.9,6
44,Sul,119,288.94,2,42.7,5,3,2,42.4,1,2,0,6.0,4
67,Centro-Oeste,111,890.41,5,22.59,4,4,1,26.86,2,0,2,8.1,2
56,Centro-Oeste,69,341.99,3,6.15,5,3,5,41.34,2,1,4,4.5,4
66,Centro-Oeste,79,290.63,1,16.14,5,7,3,47.3,2,1,3,3.8,4
61,Nordeste,93,370.87,5,86.64,9,14,2,49.0,1,0,9,4.6,3
29,Norte,65,287.69,5,59.09,2,11,1,52.98,3,0,8,5.5,4
56,Sul,84,524.14,6,10.92,11,4,3,19.93,2,1,2,2.7,3
23,Sul,3,239.37,4,42.56,10,12,0,35.2,3,2,10,3.6,4
56,Sul,60,418.61,3,13.11,2,8,2,33.62,2,4,8,6.0,6
41,Centro-Oeste,92,478.47,2,0.91,10,4,2,34.62,3,2,7,3.7,4
21,Norte,103,526.18,4,38.15,9,2,1,41.84,1,0,11,5.8,6
21,Norte,88,136.36,4,49.98,4,8,2,31.54,3,3,10,2.5,5
57,Sudeste,13,616.79,3,25.92,8,5,1,27.96,1,3,1,4.4,8
21,Sudeste,53,86.61,3,24.56,6,2,1,37.32,3,0,11,6.7,1
34,Sudeste,96,133.78,1,57.6,2,12,3,53.78,3,0,2,7.9,3
39,Sul,74,146.24,1,51.07,11,13,4,24.21,3,1,11,1.8,3
44,Sul,95,340.32,6,78.89,3,4,1,53.0,3,4,7,2.0,6
26,Norte,116,52.28,5,5.51,3,5,4,32.86,3,1,2,3.0,4
42,Sul,57,327.87,4,3.25,8,14,0,39.05,1,2,7,8.4,3
53,Sudeste,106,273.2,6,10.77,1,12,4,54.32,1,1,4,5.3,4
59,Centro-Oeste,1,418.21,1,35.41,7,13,1,28.19,1,4,0,5.9,6
55,Norte,77,476.96,4,25.64,7,11,4,31.34,3,1,2,5.2,3
55,Sul,21,187.18,3,2.86,10,6,1,35.7,3,3,4,1.4,6
46,Norte,90,460.54,5,6.15,3,13,3,40.54,3,1,6,1.3,3
21,Norte,56,635.34,3,8.93,10,9,2,37.2,3,0,9,4.4,3
35,Sudeste,80,418.01,3,3.68,6,4,2,36.99,3,0,8,5.3,5
32,Nordeste,56,845.59,1,19.17,8,11,3,46.97,2,0,6,5.2,2
44,Centro-Oeste,117,439.15,5,7.47,9,5,1,42.41,2,3,1,7.4,4
52,Norte,118,441.65,3,17.45,9,6,2,23.52,1,3,6,0.7,6
69,Sul,21,456.68,1,7.54,1,5,2,45.04,1,1,9,4.1,3
28,Nordeste,69,507.04,4,33.01,8,14,1,37.46,3,1,3,9.5,3
53,Sul,61,815.37,4,8.04,3,12,1,45.49,2,0,11,10.0,1
25,Sul,27,718.7,4,46.23,7,10,3,27.76,2,0,11,6.8,2
45,Sudeste,104,76.67,5,59.56,2,10,1,22.61,2,1,4,6.4,7
55,Centro-Oeste,69,279.97,2,27.58,5,3,1,25.79,1,0,3,8.9,1
67,Nordeste,39,326.8,3,0.51,2,9,5,22.39,3,0,4,2.5,4
18,Sul,71,263.81,4,14.5,9,7,2,28.72,3,0,7,6.0,1
45,Nordeste,37,367.39,2,6.45,3,2,1,40.54,2,2,4,3.4,6
22,Centro-Oeste,71,706.42,5,61.23,5,4,0,24.83,3,1,3,9.7,1
30,Sul,36,150.82,1,37.19,4,8,5,34.03,1,1,9,0.0,3
61,Centro-Oeste,56,252.64,1,60.18,4,9,1,37.88,3,5,5,5.6,7
22,Norte,19,307.3,6,7.7,7,9,3,20.07,1,1,6,5.8,4
35,Sul,24,496.12,3,39.54,11,14,3,34.2,2,2,11,2.5,6
50,Norte,20,375.96,5,1.03,7,11,1,28.12,1,0,6,6.6,1
19,Sul,91,288.4,5,88.04,7,12,1,48.47,2,2,5,8.3,5
40,Nordeste,6,1113.42,2,3.15,2,14,2,53.98,3,3,3,1.8,6
20,Nordeste,72,151.87,2,11.27,9,13,2,32.5,3,1,9,4.1,5
34,Sul,88,309.13,5,38.91,8,9,5,36.58,3,4,5,1.8,6
47,Nordeste,57,145.44,1,22.4,11,8,3,47.93,1,4,6,0.0,7
48,Sudeste,86,224.19,4,69.2,9,13,2,17.73,1,0,1,5.8,2
26,Norte,75,519.09,5,83.58,4,11,5,40.47,2,0,0,4.5,5
27,Sul,86,192.11,6,1.73,9,12,3,18.17,3,1,8,4.5,3
26,Sul,98,1035.5,3,103.61,9,14,1,58.89,2,3,2,5.2,6
47,Sul,99,76.13,1,20.98,7,14,6,23.08,1,2,3,0.3,5
37,Nordeste,33,733.45,2,16.67,4,2,1,30.35,2,5,2,3.7,8
67,Sudeste,83,190.88,3,9.64,8,4,2,15.11,2,2,3,6.3,7
63,Centro-Oeste,87,157.43,2,13.09,10,11,0,47.54,1,1,1,7.3,3
67,Sudeste,111,422.86,5,33.25,3,14,2,43.08,1,1,8,0.7,4
23,Centro-Oeste,107,341.46,6,13.26,1,13,1,17.36,2,2,8,5.4,5
55,Nordeste,14,369.18,4,5.44,4,7,3,51.16,3,1,1,2.6,4
49,Centro-Oeste,2,404.4,6,30.7,8,9,3,28.47,3,1,7,5.1,4
38,Centro-Oeste,110,844.24,6,18.37,3,4,1,39.89,1,2,4,5.8,4
43,Sudeste,72,526.01,3,0.14,10,9,4,40.57,3,0,7,2.8,4
37,Norte,35,334.58,6,42.75,5,4,1,63.36,3,1,11,6.7,2
52,Nordeste,93,254.79,6,96.14,6,8,1,52.02,1,0,11,5.6,3
65,Sudeste,115,263.6,4,30.95,5,13,2,27.83,2,2,6,4.1,6
29,Norte,80,519.93,2,47.35,4,8,3,35.74,2,1,1,4.8,3
53,Nordeste,88,197.32,5,22.76,6,3,3,29.48,1,0,9,4.8,3
63,Centro-Oeste,6,61.75,4,81.68,6,14,1,62.32,3,3,10,1.3,5
48,Centro-Oeste,101,560.33,2,6.72,8,9,3,23.73,2,1,11,4.0,4
20,Norte,22,346.33,6,42.01,9,12,4,57.96,3,0,8,2.0,6
25,Norte,28,489.75,6,48.15,10,13,3,39.18,2,0,1,4.1,3
62,Norte,105,168.94,1,43.55,9,8,0,38.35,3,2,9,5.8,5
37,Centro-Oeste,21,317.48,4,43.07,10,7,2,51.39,3,0,8,4.9,2
36,Centro-Oeste,29,454.27,1,25.69,6,13,1,32.84,1,1,5,4.9,3
23,Sudeste,9,481.75,2,68.52,8,11,4,31.16,3,1,5,0.9,6
20,Sudeste,31,124.88,6,51.18,11,10,1,33.27,3,2,5,2.7,4
67,Sul,100,558.59,5,24.16,7,8,4,22.29,1,3,0,3.6,6
48,Centro-Oeste,93,371.07,2,31.87,9,2,1,29.04,3,3,2,7.2,6
47,Norte,50,457.36,1,34.52,1,2,3,33.89,1,1,2,2.5,3
58,Nordeste,73,171.4,5,50.19,7,11,2,24.77,3,1,0,5.4,4
67,Norte,20,87.08,2,15.68,1,6,1,53.79,3,1,3,7.1,3
26,Nordeste,44,241.36,6,30.81,4,3,3,27.19,3,0,6,9.2,2
47,Sudeste,5,678.12,4,42.24,7,10,2,27.72,1,0,10,4.9,3
21,Centro-Oeste,114,386.8,2,35.69,1,10,0,28.99,1,0,8,10.0,0
35,Sudeste,62,249.43,6,19.09,9,9,2,40.37,2,5,0,2.6,7
36,Sul,23,403.06,5,60.79,11,9,3,55.27,1,4,4,2.3,6
31,Sul,42,190.64,2,32.96,9,3,1,39.15,3,0,10,4.4,6
55,Nordeste,67,424.12,1,34.38,4,13,3,41.34,3,0,0,6.1,1
19,Nordeste,114,153.61,3,32.96,8,4,1,42.81,3,0,1,4.9,3
62,Sul,102,246.26,6,104.4,9,4,1,32.01,1,2,2,5.2,5
28,Norte,115,208.24,3,1.81,6,4,3,5.93,1,4,10,2.0,8
46,Nordeste,11,699.71,5,85.83,10,5,2,50.87,3,1,6,6.6,2
54,Sul,13,716.05,1,11.77,7,11,6,63.44,3,5,1,0.7,10
66,Centro-Oeste,75,281.48,3,32.89,10,12,2,50.8,2,2,1,4.6,4
63,Sul,7,710.01,4,1.14,11,11,2,33.22,3,0,9,9.9,1
65,Norte,34,570.71,4,51.49,11,14,2,41.51,3,3,5,2.9,6
59,Sul,45,338.64,6,5.86,8,8,1,35.58,1,2,4,5.0,5
45,Centro-Oeste,42,897.72,6,10.46,10,4,0,44.64,3,4,0,3.9,9
38,Sudeste,54,778.11,2,57.87,4,9,2,28.0,1,1,0,5.2,4
42,Norte,88,224.97,4,49.87,1,3,1,32.55,2,2,1,2.9,4
30,Nordeste,23,728.83,1,47.62,10,4,0,46.28,1,2,1,9.1,2
37,Sudeste,5,526.86,2,9.22,7,10,0,57.65,3,2,10,6.1,3
56,Nordeste,63,927.18,1,20.25,4,12,1,41.54,2,1,6,8.2,2
51,Centro-Oeste,71,660.28,1,7.44,2,13,2,38.91,2,1,1,7.3,5
56,Centro-Oeste,98,1265.74,6,14.08,9,3,3,43.12,1,1,1,6.7,4
62,Norte,111,164.97,2,106.39,6,12,7,44.19,3,1,8,0.0,3
25,Sudeste,98,335.88,6,4.24,2,11,1,44.77,2,2,6,4.3,7
36,Norte,52,1578.5,2,46.19,8,6,3,23.67,1,1,11,2.1,4
22,Nordeste,73,355.16,6,14.01,6,14,0,32.72,2,1,2,8.6,1
56,Norte,12,270.95,3,15.04,1,12,5,49.38,3,0,8,3.2,2
41,Sudeste,13,512.99,3,12.4,9,13,1,57.34,1,0,2,5.9,2
48,Sul,65,355.45,3,1.37,7,11,2,33.63,2,0,2,5.0,2
39,Sudeste,77,251.73,3,7.03,4,2,2,53.06,3,1,9,5.1,3
56,Sul,4,609.18,4,1.58,3,9,1,35.78,3,1,7,2.0,5
53,Centro-Oeste,37,141.02,3,25.22,4,10,3,36.59,1,2,10,2.6,5
69,Centro-Oeste,28,181.62,5,10.83,8,6,0,49.81,3,3,7,7.3,5
37,Nordeste,51,689.71,6,28.16,11,12,1,42.06,3,2,9,3.9,6
61,Norte,68,800.1,6,36.41,6,8,0,32.97,3,0,11,9.4,0
55,Sudeste,79,110.88,2,91.27,1,14,1,45.45,2,1,4,5.0,4
32,Nordeste,74,553.97,3,10.81,10,10,3,17.59,3,2,0,1.1,5
18,Sul,60,116.2,1,18.8,1,3,2,37.16,3,2,4,3.6,5
18,Sul,84,777.07,3,15.61,5,6,0,41.61,2,3,1,6.0,5
21,Sul,108,683.39,2,55.47,10,12,4,50.04,1,2,7,2.1,5
67,Sudeste,80,698.88,4,40.52,10,4,2,57.85,1,0,5,7.1,3
68,Nordeste,100,1043.98,5,22.48,8,7,3,46.3,1,0,4,4.8,3
47,Norte,108,400.25,5,0.08,7,3,3,48.96,2,2,1,6.1,4
34,Norte,89,155.97,5,11.39,5,2,3,33.04,1,3,6,0.4,6
24,Nordeste,87,209.78,5,15.98,6,14,0,35.3,2,2,5,1.9,3
61,Sul,24,366.3,2,32.98,10,2,1,40.74,3,2,7,7.6,5
44,Nordeste,102,133.53,1,3.26,6,3,1,29.18,3,2,10,4.3,5
58,Sudeste,117,245.35,3,16.57,6,5,3,39.75,1,0,4,4.5,4
40,Centro-Oeste,47,526.26,4,61.64,11,14,4,71.94,3,1,1,3.2,4
65,Sul,46,275.69,3,36.94,10,13,3,45.27,1,3,2,3.9,5
47,Sul,118,482.64,6,2.69,4,8,2,53.03,2,1,9,4.9,5
18,Sudeste,113,769.11,1,16.08,7,11,3,36.44,2,1,10,4.4,5
43,Centro-Oeste,118,233.81,1,2.01,7,8,1,63.41,1,5,4,2.3,8
61,Norte,115,146.41,5,23.47,10,11,2,41.1,3,1,2,3.8,3
64,Nordeste,115,1100.24,2,6.44,10,14,3,33.88,3,4,8,1.1,7
35,Sul,11,365.01,4,43.4,7,11,3,40.95,2,1,11,3.0,4
46,Centro-Oeste,65,167.97,2,5.72,1,11,6,26.01,2,2,1,0.8,6
36,Norte,65,294.43,6,49.91,8,6,2,35.0,1,0,3,7.1,1
26,Nordeste,71,188.01,4,9.4,6,6,1,25.55,3,1,10,7.4,2
26,Sul,16,557.83,1,5.36,3,6,4,62.54,3,1,9,3.0,4
37,Centro-Oeste,115,685.67,5,0.07,11,6,2,44.95,2,3,4,4.7,5
27,Norte,96,737.98,1,48.36,11,13,1,49.33,1,4,4,4.1,9
59,Nordeste,53,1001.11,6,52.49,11,5,4,19.39,1,3,11,0.9,6
45,Sul,63,503.68,3,17.14,2,5,2,55.84,3,4,9,2.0,7
40,Nordeste,16,850.46,6,52.95,8,6,3,13.24,2,3,1,5.0,6
35,Sul,114,228.08,4,37.01,7,14,3,39.1,1,1,1,2.8,5
26,Sudeste,19,406.5,5,54.26,6,12,3,42.29,2,2,10,1.7,7
36,Nordeste,5,93.14,1,22.09,1,7,0,32.88,3,3,5,6.7,4
43,Nordeste,19,331.52,6,21.83,1,3,1,18.32,1,1,4,8.8,2
50,Sudeste,36,297.13,6,0.9,2,13,1,34.19,3,2,8,10.0,3
60,Sul,76,34.42,1,11.2,7,6,2,32.08,3,2,9,2.0,5
58,Sudeste,77,492.78,4,53.03,3,13,2,5.51,3,0,8,7.1,2
22,Nordeste,35,1329.51,2,22.99,3,10,2,40.23,2,1,2,5.5,4
23,Norte,29,455.48,5,35.97,4,9,3,28.94,1,1,3,3.1,4
21,Norte,41,655.66,5,47.57,5,2,2,31.26,3,2,9,7.3,3
42,Sul,111,753.74,1,11.66,10,11,1,37.08,2,5,8,3.6,7
30,Nordeste,69,409.06,3,25.03,6,4,1,41.93,2,2,8,3.4,5
45,Sul,78,58.07,5,43.23,4,10,0,31.97,3,0,11,8.4,2
24,Norte,43,881.02,6,29.34,11,8,4,42.09,3,1,8,3.6,3
21,Norte,4,371.21,6,45.42,2,6,1,29.22,3,2,4,5.0,4
22,Sul,18,144.01,1,12.94,6,2,2,62.52,3,2,10,4.2,4
62,Sul,24,883.71,1,3.49,3,10,2,23.97,2,1,5,4.5,4
29,Norte,118,877.54,5,20.54,3,2,3,59.17,1,2,7,2.8,5
34,Sul,102,55.74,1,28.35,4,7,3,46.16,1,0,6,2.2,2
57,Nordeste,101,141.42,1,2.16,1,14,2,38.97,1,2,6,4.0,4
66,Sudeste,55,377.51,2,92.98,4,13,4,33.28,2,1,8,2.1,4
55,Sudeste,69,110.92,5,75.5,7,11,3,51.15,2,3,11,1.0,5
44,Sudeste,8,68.3,6,19.24,5,4,1,62.88,2,1,9,2.0,4
67,Sudeste,108,723.53,4,17.85,11,10,1,25.29,1,3,7,4.3,5
41,Sudeste,14,133.89,6,19.74,2,14,1,26.97,3,2,3,5.5,5
54,Nordeste,111,331.1,3,9.25,9,7,2,42.2,2,2,3,6.3,3
29,Centro-Oeste,117,202.43,4,4.8,10,4,3,25.72,3,0,7,3.9,4
36,Sudeste,116,379.49,1,10.8,4,6,0,26.24,3,2,0,6.5,2
33,Centro-Oeste,88,1541.74,3,30.64,6,3,0,31.42,1,0,9,8.0,2
68,Sul,107,364.49,6,20.0,11,13,0,24.52,2,0,11,6.8,1
55,Sudeste,118,791.94,5,30.78,3,8,3,18.05,2,2,7,4.5,4
40,Norte,47,817.68,2,27.57,2,7,3,50.21,3,2,0,0.0,4
51,Norte,108,433.58,3,23.48,8,5,2,29.99,2,3,11,0.0,6
51,Sudeste,89,132.83,1,48.84,1,11,2,21.01,3,2,3,0.2,6
28,Norte,9,87.62,4,3.25,11,8,1,21.55,3,0,2,6.7,3
31,Norte,65,452.71,4,11.54,8,2,0,20.38,1,3,11,4.4,6
42,Nordeste,62,669.71,4,48.75,5,14,1,23.83,1,1,8,5.8,5
21,Sudeste,51,664.73,3,146.3,5,12,1,45.32,3,2,8,3.4,5
54,Norte,27,56.94,3,14.17,4,9,3,40.11,3,2,7,2.9,4
59,Sudeste,45,597.99,3,20.7,8,4,2,41.97,1,0,6,6.2,2
35,Nordeste,52,477.56,3,53.1,4,14,1,28.06,3,4,11,5.1,6
28,Sudeste,76,608.54,6,138.83,6,8,2,40.41,2,2,1,7.0,4
49,Sudeste,103,1027.38,6,14.25,7,12,3,40.93,1,0,7,0.0,4
27,Sudeste,1,631.87,3,13.34,5,7,3,43.83,2,0,1,3.7,5
34,Sul,16,195.17,1,42.58,3,12,2,76.13,2,1,11,2.3,3
31,Nordeste,95,30.68,5,99.74,7,14,3,35.41,1,2,9,2.3,4
34,Sudeste,38,1094.1,4,16.76,11,8,3,26.51,3,1,4,5.2,5
23,Nordeste,12,204.18,1,7.13,1,9,2,31.3,1,2,4,5.4,5
21,Sul,60,168.34,1,8.97,8,6,3,14.34,1,1,1,6.5,2
65,Centro-Oeste,58,259.67,4,35.88,5,11,1,14.02,3,3,9,2.7,6
18,Centro-Oeste,33,174.48,5,10.3,9,6,2,39.98,3,1,5,4.6,3
60,Sudeste,62,617.66,5,93.43,3,10,3,38.85,3,3,1,0.2,6
69,Centro-Oeste,95,385.14,1,12.27,6,10,3,33.19,2,0,6,4.6,4
63,Sudeste,119,744.34,4,26.13,6,12,1,41.09,2,2,3,9.1,3
53,Sul,60,176.94,6,26.78,4,7,3,47.93,2,1,2,6.5,2
60,Sul,5,145.26,3,7.08,9,4,2,27.2,1,4,11,2.3,7
46,Norte,75,1274.7,6,59.31,10,7,3,40.71,1,1,6,3.9,3
66,Nordeste,52,367.49,2,19.37,9,9,2,52.39,3,3,8,1.8,6
54,Sudeste,11,600.03,3,3.07,9,5,1,24.73,1,3,5,4.1,7
48,Nordeste,40,48.55,6,2.39,7,11,4,29.46,3,0,6,2.6,2
61,Norte,73,639.78,3,19.78,4,8,2,38.9,1,1,7,2.3,5
26,Sudeste,77,204.68,5,5.6,8,12,2,41.34,1,1,2,6.2,4
59,Norte,20,213.59,1,8.28,4,6,5,57.03,1,1,5,1.4,3
63,Norte,90,1208.05,6,23.0,4,12,1,30.72,3,1,5,7.1,2
43,Centro-Oeste,50,640.13,1,16.48,2,3,2,51.76,3,1,6,8.8,4
33,Nordeste,97,248.31,5,17.71,7,6,1,48.43,1,1,7,6.0,3
57,Centro-Oeste,58,102.93,5,21.66,11,14,0,45.55,3,1,3,7.3,1
48,Sudeste,106,339.66,1,126.71,1,14,3,29.22,2,3,5,2.0,7
44,Centro-Oeste,29,187.23,1,83.49,1,7,0,16.19,3,1,10,4.9,4
58,Sudeste,35,395.74,5,34.1,8,8,3,39.08,3,1,7,0.8,5
39,Sul,83,366.67,3,20.88,1,2,0,35.76,3,2,9,8.2,3
27,Sudeste,69,374.57,2,20.06,9,11,2,34.09,1,1,4,5.3,4
40,Nordeste,101,135.68,6,30.34,5,9,2,24.84,1,1,3,4.5,3
22,Centro-Oeste,5,199.27,3,67.34,10,5,3,38.63,3,1,9,1.6,4
66,Nordeste,86,379.89,5,0.12,4,14,0,47.8,1,1,10,6.0,1
54,Nordeste,5,404.13,6,19.41,2,10,3,25.98,2,4,10,0.8,6
27,Sul,69,321.48,5,63.64,3,12,1,25.76,1,2,8,4.6,5
30,Nordeste,16,374.87,3,32.3,2,5,4,57.0,3,0,1,3.6,4
50,Nordeste,118,151.89,5,3.69,3,7,1,41.43,1,0,9,8.7,1
54,Norte,118,326.96,2,62.97,6,8,2,16.28,3,2,7,4.2,5
23,Centro-Oeste,61,150.01,5,16.9,2,3,2,32.64,1,2,0,5.4,4
61,Centro-Oeste,52,678.12,5,77.02,1,8,3,51.03,2,1,10,4.3,4
52,Nordeste,12,73.61,2,16.07,7,12,0,36.42,2,1,5,8.5,3
66,Norte,91,345.83,1,9.27,1,14,6,54.81,3,0,8,4.6,3
51,Sul,96,615.81,6,11.41,2,14,3,28.96,2,1,2,3.7,3
37,Sul,89,73.03,1,36.44,3,12,2,27.42,2,2,7,3.7,4
19,Sudeste,98,522.78,1,4.84,9,2,2,38.94,1,1,1,7.4,3
41,Sul,51,55.87,2,2.11,2,14,5,29.1,3,3,0,2.3,5
35,Nordeste,109,420.94,1,16.51,4,11,1,34.16,3,1,0,10.0,2
